{"type":"FeatureCollection","crs":{"type":"name","properties":{"name":"EPSG:4326"}},"features":[{"type":"Feature","id":1,"geometry":{"type":"Point","coordinates":[28.9894312586543,41.0314443044956,0]},"properties":{"OBJECTID":1,"TUR":"3","KOD":"T1","AD":"Fındıklı-MSÜ","IKON_URL":"https://upload.wikimedia.org/wikipedia/commons/8/84/Istanbul_T1_Line_Symbol.svg","RENK_HEX":"#004987","BOYUT_PT":1,"PR_DURUM":"1","PR_ACILIS":null,"PR_KURUM":null,"ACILIS":"2005-01-30","TARIH_KAPANIS":null}},{"type":"Feature","id":2,"geometry":{"type":"Point","coordinates":[28.98026311395,41.026748535757,0]},"properties":{"OBJECTID":2,"TUR":"3","KOD":"T1","AD":"Tophane","IKON_URL":"https://upload.wikimedia.org/wikipedia/commons/8/84/Istanbul_T1_Line_Symbol.svg","RENK_HEX":"#004987","BOYUT_PT":1,"PR_DURUM":"1","PR_ACILIS":null,"PR_KURUM":null,"ACILIS":"2005-01-30","TARIH_KAPANIS":null}},{"type":"Feature","id":3,"geometry":{"type":"Point","coordinates":[28.974667054396,41.0221004005401,0]},"properties":{"OBJECTID":3,"TUR":"3","KOD":"T1","AD":"Karaköy","IKON_URL":"https://upload.wikimedia.org/wikipedia/commons/8/84/Istanbul_T1_Line_Symbol.svg","RENK_HEX":"#004987","BOYUT_PT":1,"PR_DURUM":"1","PR_ACILIS":null,"PR_KURUM":null,"ACILIS":"2005-01-30","TARIH_KAPANIS":null}},{"type":"Feature","id":4,"geometry":{"type":"Point","coordinates":[28.9733616603543,41.0174749996499,0]},"properties":{"OBJECTID":4,"TUR":"3","KOD":"T1","AD":"Eminönü","IKON_URL":"https://upload.wikimedia.org/wikipedia/commons/8/84/Istanbul_T1_Line_Symbol.svg","RENK_HEX":"#004987","BOYUT_PT":1,"PR_DURUM":"1","PR_ACILIS":null,"PR_KURUM":null,"ACILIS":"1996-04-20","TARIH_KAPANIS":null}},{"type":"Feature","id":5,"geometry":{"type":"Point","coordinates":[28.9758890784911,41.0151826191634,0]},"properties":{"OBJECTID":5,"TUR":"3","KOD":"T1","AD":"Sirkeci","IKON_URL":"https://upload.wikimedia.org/wikipedia/commons/8/84/Istanbul_T1_Line_Symbol.svg","RENK_HEX":"#004987","BOYUT_PT":1,"PR_DURUM":"1","PR_ACILIS":null,"PR_KURUM":null,"ACILIS":"1992-07-10","TARIH_KAPANIS":null}},{"type":"Feature","id":6,"geometry":{"type":"Point","coordinates":[28.9784093649027,41.0120983715461,0]},"properties":{"OBJECTID":6,"TUR":"3","KOD":"T1","AD":"Gülhane","IKON_URL":"https://upload.wikimedia.org/wikipedia/commons/8/84/Istanbul_T1_Line_Symbol.svg","RENK_HEX":"#004987","BOYUT_PT":1,"PR_DURUM":"1","PR_ACILIS":null,"PR_KURUM":null,"ACILIS":"1992-07-10","TARIH_KAPANIS":null}},{"type":"Feature","id":7,"geometry":{"type":"Point","coordinates":[28.9755411717613,41.0080957108852,0]},"properties":{"OBJECTID":7,"TUR":"3","KOD":"T1","AD":"Sultanahmet","IKON_URL":"https://upload.wikimedia.org/wikipedia/commons/8/84/Istanbul_T1_Line_Symbol.svg","RENK_HEX":"#004987","BOYUT_PT":1,"PR_DURUM":"1","PR_ACILIS":null,"PR_KURUM":null,"ACILIS":"1992-07-10","TARIH_KAPANIS":null}},{"type":"Feature","id":8,"geometry":{"type":"Point","coordinates":[28.9710603391915,41.0084442914074,0]},"properties":{"OBJECTID":8,"TUR":"3","KOD":"T1","AD":"Çemberlitaş","IKON_URL":"https://upload.wikimedia.org/wikipedia/commons/8/84/Istanbul_T1_Line_Symbol.svg","RENK_HEX":"#004987","BOYUT_PT":1,"PR_DURUM":"1","PR_ACILIS":null,"PR_KURUM":null,"ACILIS":"1992-07-10","TARIH_KAPANIS":null}},{"type":"Feature","id":9,"geometry":{"type":"Point","coordinates":[28.966654376709,41.0090193503352,0]},"properties":{"OBJECTID":9,"TUR":"3","KOD":"T1","AD":"Beyazıt-Kapalıçarşı","IKON_URL":"https://upload.wikimedia.org/wikipedia/commons/8/84/Istanbul_T1_Line_Symbol.svg","RENK_HEX":"#004987","BOYUT_PT":1,"PR_DURUM":"1","PR_ACILIS":null,"PR_KURUM":null,"ACILIS":"1992-06-13","TARIH_KAPANIS":null}},{"type":"Feature","id":10,"geometry":{"type":"Point","coordinates":[28.9598761683771,41.0095539273506,0]},"properties":{"OBJECTID":10,"TUR":"3","KOD":"T1","AD":"Laleli-İÜ","IKON_URL":"https://upload.wikimedia.org/wikipedia/commons/8/84/Istanbul_T1_Line_Symbol.svg","RENK_HEX":"#004987","BOYUT_PT":1,"PR_DURUM":"1","PR_ACILIS":null,"PR_KURUM":null,"ACILIS":"1992-06-13","TARIH_KAPANIS":null}},{"type":"Feature","id":11,"geometry":{"type":"Point","coordinates":[28.9539242789526,41.0095811064973,0]},"properties":{"OBJECTID":11,"TUR":"3","KOD":"T1","AD":"Aksaray","IKON_URL":"https://upload.wikimedia.org/wikipedia/commons/8/84/Istanbul_T1_Line_Symbol.svg","RENK_HEX":"#004987","BOYUT_PT":1,"PR_DURUM":"1","PR_ACILIS":null,"PR_KURUM":null,"ACILIS":"1992-06-13","TARIH_KAPANIS":null}},{"type":"Feature","id":12,"geometry":{"type":"Point","coordinates":[28.9468266836045,41.0100345752979,0]},"properties":{"OBJECTID":12,"TUR":"3","KOD":"T1","AD":"Yusufpaşa","IKON_URL":"https://upload.wikimedia.org/wikipedia/commons/8/84/Istanbul_T1_Line_Symbol.svg","RENK_HEX":"#004987","BOYUT_PT":1,"PR_DURUM":"1","PR_ACILIS":null,"PR_KURUM":null,"ACILIS":"1992-12-29","TARIH_KAPANIS":null}},{"type":"Feature","id":13,"geometry":{"type":"Point","coordinates":[28.9403996752262,41.0118018180904,0]},"properties":{"OBJECTID":13,"TUR":"3","KOD":"T1","AD":"Fındıkzade","IKON_URL":"https://upload.wikimedia.org/wikipedia/commons/8/84/Istanbul_T1_Line_Symbol.svg","RENK_HEX":"#004987","BOYUT_PT":1,"PR_DURUM":"1","PR_ACILIS":null,"PR_KURUM":null,"ACILIS":"1992-12-29","TARIH_KAPANIS":null}},{"type":"Feature","id":14,"geometry":{"type":"Point","coordinates":[28.9333173359666,41.0152357500317,0]},"properties":{"OBJECTID":14,"TUR":"3","KOD":"T1","AD":"Çapa-Şehremini","IKON_URL":"https://upload.wikimedia.org/wikipedia/commons/8/84/Istanbul_T1_Line_Symbol.svg","RENK_HEX":"#004987","BOYUT_PT":1,"PR_DURUM":"1","PR_ACILIS":null,"PR_KURUM":null,"ACILIS":"1992-12-29","TARIH_KAPANIS":null}},{"type":"Feature","id":15,"geometry":{"type":"Point","coordinates":[28.9270728230332,41.0182674767544,0]},"properties":{"OBJECTID":15,"TUR":"3","KOD":"T1","AD":"Pazartekke","IKON_URL":"https://upload.wikimedia.org/wikipedia/commons/8/84/Istanbul_T1_Line_Symbol.svg","RENK_HEX":"#004987","BOYUT_PT":1,"PR_DURUM":"1","PR_ACILIS":null,"PR_KURUM":null,"ACILIS":"1992-12-29","TARIH_KAPANIS":null}},{"type":"Feature","id":16,"geometry":{"type":"Point","coordinates":[28.9194454426531,41.019201828088,0]},"properties":{"OBJECTID":16,"TUR":"3","KOD":"T1","AD":"Topkapı","IKON_URL":"https://upload.wikimedia.org/wikipedia/commons/8/84/Istanbul_T1_Line_Symbol.svg","RENK_HEX":"#004987","BOYUT_PT":1,"PR_DURUM":"1","PR_ACILIS":null,"PR_KURUM":null,"ACILIS":"1992-12-29","TARIH_KAPANIS":null}},{"type":"Feature","id":17,"geometry":{"type":"Point","coordinates":[28.911554996032,41.0159406534982,0]},"properties":{"OBJECTID":17,"TUR":"3","KOD":"T1","AD":"Cevizlibağ-AÖY","IKON_URL":"https://upload.wikimedia.org/wikipedia/commons/8/84/Istanbul_T1_Line_Symbol.svg","RENK_HEX":"#004987","BOYUT_PT":1,"PR_DURUM":"1","PR_ACILIS":null,"PR_KURUM":null,"ACILIS":"1994-03-10","TARIH_KAPANIS":null}},{"type":"Feature","id":18,"geometry":{"type":"Point","coordinates":[28.909493570864,41.0103361318647,0]},"properties":{"OBJECTID":18,"TUR":"3","KOD":"T1","AD":"Merkezefendi","IKON_URL":"https://upload.wikimedia.org/wikipedia/commons/8/84/Istanbul_T1_Line_Symbol.svg","RENK_HEX":"#004987","BOYUT_PT":1,"PR_DURUM":"1","PR_ACILIS":null,"PR_KURUM":null,"ACILIS":"1994-03-10","TARIH_KAPANIS":null}},{"type":"Feature","id":19,"geometry":{"type":"Point","coordinates":[28.9073615255384,41.0041728353921,0]},"properties":{"OBJECTID":19,"TUR":"3","KOD":"T1","AD":"Seyitnizam-Akşemsettin","IKON_URL":"https://upload.wikimedia.org/wikipedia/commons/8/84/Istanbul_T1_Line_Symbol.svg","RENK_HEX":"#004987","BOYUT_PT":1,"PR_DURUM":"1","PR_ACILIS":null,"PR_KURUM":null,"ACILIS":"1994-03-10","TARIH_KAPANIS":null}},{"type":"Feature","id":20,"geometry":{"type":"Point","coordinates":[28.9011502188294,41.0034528115267,0]},"properties":{"OBJECTID":20,"TUR":"3","KOD":"T1","AD":"Mithatpaşa","IKON_URL":"https://upload.wikimedia.org/wikipedia/commons/8/84/Istanbul_T1_Line_Symbol.svg","RENK_HEX":"#004987","BOYUT_PT":1,"PR_DURUM":"1","PR_ACILIS":null,"PR_KURUM":null,"ACILIS":"1994-03-10","TARIH_KAPANIS":null}},{"type":"Feature","id":21,"geometry":{"type":"Point","coordinates":[28.8816754028331,41.0057828200063,0]},"properties":{"OBJECTID":21,"TUR":"3","KOD":"T1","AD":"Mehmet Akif","IKON_URL":"https://upload.wikimedia.org/wikipedia/commons/8/84/Istanbul_T1_Line_Symbol.svg","RENK_HEX":"#004987","BOYUT_PT":1,"PR_DURUM":"1","PR_ACILIS":null,"PR_KURUM":null,"ACILIS":"2006-09-14","TARIH_KAPANIS":null}},{"type":"Feature","id":22,"geometry":{"type":"Point","coordinates":[28.8807772654155,41.0114405775135,0]},"properties":{"OBJECTID":22,"TUR":"3","KOD":"T1","AD":"Merter Tekstil Merkezi","IKON_URL":"https://upload.wikimedia.org/wikipedia/commons/8/84/Istanbul_T1_Line_Symbol.svg","RENK_HEX":"#004987","BOYUT_PT":1,"PR_DURUM":"1","PR_ACILIS":null,"PR_KURUM":null,"ACILIS":"2006-09-14","TARIH_KAPANIS":null}},{"type":"Feature","id":23,"geometry":{"type":"Point","coordinates":[28.877476451718,41.0152031127745,0]},"properties":{"OBJECTID":23,"TUR":"3","KOD":"T1","AD":"Güngören","IKON_URL":"https://upload.wikimedia.org/wikipedia/commons/8/84/Istanbul_T1_Line_Symbol.svg","RENK_HEX":"#004987","BOYUT_PT":1,"PR_DURUM":"1","PR_ACILIS":null,"PR_KURUM":null,"ACILIS":"2006-09-14","TARIH_KAPANIS":null}},{"type":"Feature","id":24,"geometry":{"type":"Point","coordinates":[28.8713946632084,41.0170699716501,0]},"properties":{"OBJECTID":24,"TUR":"3","KOD":"T1","AD":"Akıncılar","IKON_URL":"https://upload.wikimedia.org/wikipedia/commons/8/84/Istanbul_T1_Line_Symbol.svg","RENK_HEX":"#004987","BOYUT_PT":1,"PR_DURUM":"1","PR_ACILIS":null,"PR_KURUM":null,"ACILIS":"2006-09-14","TARIH_KAPANIS":null}},{"type":"Feature","id":25,"geometry":{"type":"Point","coordinates":[28.8674734630944,41.0205975564405,0]},"properties":{"OBJECTID":25,"TUR":"3","KOD":"T1","AD":"Soğanlı","IKON_URL":"https://upload.wikimedia.org/wikipedia/commons/8/84/Istanbul_T1_Line_Symbol.svg","RENK_HEX":"#004987","BOYUT_PT":1,"PR_DURUM":"1","PR_ACILIS":null,"PR_KURUM":null,"ACILIS":"2006-09-14","TARIH_KAPANIS":null}},{"type":"Feature","id":26,"geometry":{"type":"Point","coordinates":[28.8639688207606,41.0235310489341,0]},"properties":{"OBJECTID":26,"TUR":"3","KOD":"T1","AD":"Yavuz Selim","IKON_URL":"https://upload.wikimedia.org/wikipedia/commons/8/84/Istanbul_T1_Line_Symbol.svg","RENK_HEX":"#004987","BOYUT_PT":1,"PR_DURUM":"1","PR_ACILIS":null,"PR_KURUM":null,"ACILIS":"2006-09-14","TARIH_KAPANIS":null}},{"type":"Feature","id":27,"geometry":{"type":"Point","coordinates":[28.8609606566232,41.0289387237809,0]},"properties":{"OBJECTID":27,"TUR":"3","KOD":"T1","AD":"Güneştepe","IKON_URL":"https://upload.wikimedia.org/wikipedia/commons/8/84/Istanbul_T1_Line_Symbol.svg","RENK_HEX":"#004987","BOYUT_PT":1,"PR_DURUM":"1","PR_ACILIS":null,"PR_KURUM":null,"ACILIS":"2006-09-14","TARIH_KAPANIS":null}},{"type":"Feature","id":28,"geometry":{"type":"Point","coordinates":[28.8607424989598,41.0333450416358,0]},"properties":{"OBJECTID":28,"TUR":"3","KOD":"T1","AD":"Bağcılar","IKON_URL":"https://upload.wikimedia.org/wikipedia/commons/8/84/Istanbul_T1_Line_Symbol.svg","RENK_HEX":"#004987","BOYUT_PT":1,"PR_DURUM":"1","PR_ACILIS":null,"PR_KURUM":null,"ACILIS":"2006-09-14","TARIH_KAPANIS":null}},{"type":"Feature","id":29,"geometry":{"type":"Point","coordinates":[28.9928357011045,41.0346053750626,0]},"properties":{"OBJECTID":29,"TUR":"3","KOD":"T1","AD":"Kabataş","IKON_URL":"https://upload.wikimedia.org/wikipedia/commons/8/84/Istanbul_T1_Line_Symbol.svg","RENK_HEX":"#004987","BOYUT_PT":1,"PR_DURUM":"1","PR_ACILIS":null,"PR_KURUM":null,"ACILIS":"2006-06-29","TARIH_KAPANIS":null}},{"type":"Feature","id":30,"geometry":{"type":"Point","coordinates":[28.9254360189237,41.0218663596366,0]},"properties":{"OBJECTID":30,"TUR":"3","KOD":"T4","AD":"Fetihkapı","IKON_URL":"https://upload.wikimedia.org/wikipedia/commons/7/74/Istanbul_T4_Line_Symbol.svg","RENK_HEX":"#FF7F40","BOYUT_PT":1,"PR_DURUM":"1","PR_ACILIS":null,"PR_KURUM":null,"ACILIS":"2009-03-18","TARIH_KAPANIS":null}},{"type":"Feature","id":31,"geometry":{"type":"Point","coordinates":[28.9201035681932,41.0196652317678,0]},"properties":{"OBJECTID":31,"TUR":"3","KOD":"T4","AD":"Topkapı","IKON_URL":"https://upload.wikimedia.org/wikipedia/commons/7/74/Istanbul_T4_Line_Symbol.svg","RENK_HEX":"#FF7F40","BOYUT_PT":1,"PR_DURUM":"1","PR_ACILIS":null,"PR_KURUM":null,"ACILIS":"2009-03-18","TARIH_KAPANIS":null}},{"type":"Feature","id":32,"geometry":{"type":"Point","coordinates":[28.9292710723987,41.0255698969406,0]},"properties":{"OBJECTID":32,"TUR":"3","KOD":"T4","AD":"Vatan","IKON_URL":"https://upload.wikimedia.org/wikipedia/commons/7/74/Istanbul_T4_Line_Symbol.svg","RENK_HEX":"#FF7F40","BOYUT_PT":1,"PR_DURUM":"1","PR_ACILIS":null,"PR_KURUM":null,"ACILIS":"2009-03-18","TARIH_KAPANIS":null}},{"type":"Feature","id":33,"geometry":{"type":"Point","coordinates":[28.9340386732583,41.0313355534485,0]},"properties":{"OBJECTID":33,"TUR":"3","KOD":"T4","AD":"Edirnekapı","IKON_URL":"https://upload.wikimedia.org/wikipedia/commons/7/74/Istanbul_T4_Line_Symbol.svg","RENK_HEX":"#FF7F40","BOYUT_PT":1,"PR_DURUM":"1","PR_ACILIS":null,"PR_KURUM":null,"ACILIS":"2009-03-18","TARIH_KAPANIS":null}},{"type":"Feature","id":34,"geometry":{"type":"Point","coordinates":[28.9286273091234,41.0340509079795,0]},"properties":{"OBJECTID":34,"TUR":"3","KOD":"T4","AD":"Şehitlik","IKON_URL":"https://upload.wikimedia.org/wikipedia/commons/7/74/Istanbul_T4_Line_Symbol.svg","RENK_HEX":"#FF7F40","BOYUT_PT":1,"PR_DURUM":"1","PR_ACILIS":null,"PR_KURUM":null,"ACILIS":"2007-09-15","TARIH_KAPANIS":null}},{"type":"Feature","id":35,"geometry":{"type":"Point","coordinates":[28.9233345145211,41.0370461919641,0]},"properties":{"OBJECTID":35,"TUR":"3","KOD":"T4","AD":"Demirkapı","IKON_URL":"https://upload.wikimedia.org/wikipedia/commons/7/74/Istanbul_T4_Line_Symbol.svg","RENK_HEX":"#FF7F40","BOYUT_PT":1,"PR_DURUM":"1","PR_ACILIS":null,"PR_KURUM":null,"ACILIS":"2007-09-15","TARIH_KAPANIS":null}},{"type":"Feature","id":36,"geometry":{"type":"Point","coordinates":[28.9196323461311,41.0415298104657,0]},"properties":{"OBJECTID":36,"TUR":"3","KOD":"T4","AD":"Topçular","IKON_URL":"https://upload.wikimedia.org/wikipedia/commons/7/74/Istanbul_T4_Line_Symbol.svg","RENK_HEX":"#FF7F40","BOYUT_PT":1,"PR_DURUM":"1","PR_ACILIS":null,"PR_KURUM":null,"ACILIS":"2007-09-15","TARIH_KAPANIS":null}},{"type":"Feature","id":37,"geometry":{"type":"Point","coordinates":[28.9155844350529,41.0465305396602,0]},"properties":{"OBJECTID":37,"TUR":"3","KOD":"T4","AD":"Rami","IKON_URL":"https://upload.wikimedia.org/wikipedia/commons/7/74/Istanbul_T4_Line_Symbol.svg","RENK_HEX":"#FF7F40","BOYUT_PT":1,"PR_DURUM":"1","PR_ACILIS":null,"PR_KURUM":null,"ACILIS":"2007-09-15","TARIH_KAPANIS":null}},{"type":"Feature","id":38,"geometry":{"type":"Point","coordinates":[28.9102695823189,41.0540845518971,0]},"properties":{"OBJECTID":38,"TUR":"3","KOD":"T4","AD":"Uluyol-Bereç","IKON_URL":"https://upload.wikimedia.org/wikipedia/commons/7/74/Istanbul_T4_Line_Symbol.svg","RENK_HEX":"#FF7F40","BOYUT_PT":1,"PR_DURUM":"1","PR_ACILIS":null,"PR_KURUM":null,"ACILIS":"2007-09-15","TARIH_KAPANIS":null}},{"type":"Feature","id":39,"geometry":{"type":"Point","coordinates":[28.9068785795635,41.0573002765754,0]},"properties":{"OBJECTID":39,"TUR":"3","KOD":"T4","AD":"Sağmalcılar","IKON_URL":"https://upload.wikimedia.org/wikipedia/commons/7/74/Istanbul_T4_Line_Symbol.svg","RENK_HEX":"#FF7F40","BOYUT_PT":1,"PR_DURUM":"1","PR_ACILIS":null,"PR_KURUM":null,"ACILIS":"2007-09-15","TARIH_KAPANIS":null}},{"type":"Feature","id":40,"geometry":{"type":"Point","coordinates":[28.9020505723909,41.0618536674044,0]},"properties":{"OBJECTID":40,"TUR":"3","KOD":"T4","AD":"Bosna-Çukurçeşme","IKON_URL":"https://upload.wikimedia.org/wikipedia/commons/7/74/Istanbul_T4_Line_Symbol.svg","RENK_HEX":"#FF7F40","BOYUT_PT":1,"PR_DURUM":"1","PR_ACILIS":null,"PR_KURUM":null,"ACILIS":"2007-09-15","TARIH_KAPANIS":null}},{"type":"Feature","id":41,"geometry":{"type":"Point","coordinates":[28.8955709487881,41.0684892183529,0]},"properties":{"OBJECTID":41,"TUR":"3","KOD":"T4","AD":"Ali Fuat Başgil","IKON_URL":"https://upload.wikimedia.org/wikipedia/commons/7/74/Istanbul_T4_Line_Symbol.svg","RENK_HEX":"#FF7F40","BOYUT_PT":1,"PR_DURUM":"1","PR_ACILIS":null,"PR_KURUM":null,"ACILIS":"2007-09-15","TARIH_KAPANIS":null}},{"type":"Feature","id":42,"geometry":{"type":"Point","coordinates":[28.887678975031,41.0726142617492,0]},"properties":{"OBJECTID":42,"TUR":"3","KOD":"T4","AD":"Taşköprü","IKON_URL":"https://upload.wikimedia.org/wikipedia/commons/7/74/Istanbul_T4_Line_Symbol.svg","RENK_HEX":"#FF7F40","BOYUT_PT":1,"PR_DURUM":"1","PR_ACILIS":null,"PR_KURUM":null,"ACILIS":"2007-09-15","TARIH_KAPANIS":null}},{"type":"Feature","id":43,"geometry":{"type":"Point","coordinates":[28.8824335602717,41.0752102962879,0]},"properties":{"OBJECTID":43,"TUR":"3","KOD":"T4","AD":"Karadeniz","IKON_URL":"https://upload.wikimedia.org/wikipedia/commons/7/74/Istanbul_T4_Line_Symbol.svg","RENK_HEX":"#FF7F40","BOYUT_PT":1,"PR_DURUM":"1","PR_ACILIS":null,"PR_KURUM":null,"ACILIS":"2007-09-15","TARIH_KAPANIS":null}},{"type":"Feature","id":44,"geometry":{"type":"Point","coordinates":[28.8722823954402,41.0838297337111,0]},"properties":{"OBJECTID":44,"TUR":"3","KOD":"T4","AD":"Cumhuriyet Mahallesi","IKON_URL":"https://upload.wikimedia.org/wikipedia/commons/7/74/Istanbul_T4_Line_Symbol.svg","RENK_HEX":"#FF7F40","BOYUT_PT":1,"PR_DURUM":"1","PR_ACILIS":null,"PR_KURUM":null,"ACILIS":"2007-09-15","TARIH_KAPANIS":null}},{"type":"Feature","id":45,"geometry":{"type":"Point","coordinates":[28.8670601653001,41.0877346452309,0]},"properties":{"OBJECTID":45,"TUR":"3","KOD":"T4","AD":"50. Yıl-Baştabya","IKON_URL":"https://upload.wikimedia.org/wikipedia/commons/7/74/Istanbul_T4_Line_Symbol.svg","RENK_HEX":"#FF7F40","BOYUT_PT":1,"PR_DURUM":"1","PR_ACILIS":null,"PR_KURUM":null,"ACILIS":"2007-09-15","TARIH_KAPANIS":null}},{"type":"Feature","id":46,"geometry":{"type":"Point","coordinates":[28.8640072695531,41.0928495529547,0]},"properties":{"OBJECTID":46,"TUR":"3","KOD":"T4","AD":"Hacı Şükrü","IKON_URL":"https://upload.wikimedia.org/wikipedia/commons/7/74/Istanbul_T4_Line_Symbol.svg","RENK_HEX":"#FF7F40","BOYUT_PT":1,"PR_DURUM":"1","PR_ACILIS":null,"PR_KURUM":null,"ACILIS":"2007-09-15","TARIH_KAPANIS":null}},{"type":"Feature","id":47,"geometry":{"type":"Point","coordinates":[28.8629740497712,41.0998016291019,0]},"properties":{"OBJECTID":47,"TUR":"3","KOD":"T4","AD":"Yenimahalle","IKON_URL":"https://upload.wikimedia.org/wikipedia/commons/7/74/Istanbul_T4_Line_Symbol.svg","RENK_HEX":"#FF7F40","BOYUT_PT":1,"PR_DURUM":"1","PR_ACILIS":null,"PR_KURUM":null,"ACILIS":"2007-09-15","TARIH_KAPANIS":null}},{"type":"Feature","id":48,"geometry":{"type":"Point","coordinates":[28.8605094490257,41.1063672436472,0]},"properties":{"OBJECTID":48,"TUR":"3","KOD":"T4","AD":"Sultançiftliği","IKON_URL":"https://upload.wikimedia.org/wikipedia/commons/7/74/Istanbul_T4_Line_Symbol.svg","RENK_HEX":"#FF7F40","BOYUT_PT":1,"PR_DURUM":"1","PR_ACILIS":null,"PR_KURUM":null,"ACILIS":"2007-09-15","TARIH_KAPANIS":null}},{"type":"Feature","id":49,"geometry":{"type":"Point","coordinates":[28.8578125547275,41.1118966987447,0]},"properties":{"OBJECTID":49,"TUR":"3","KOD":"T4","AD":"Cebeci","IKON_URL":"https://upload.wikimedia.org/wikipedia/commons/7/74/Istanbul_T4_Line_Symbol.svg","RENK_HEX":"#FF7F40","BOYUT_PT":1,"PR_DURUM":"1","PR_ACILIS":null,"PR_KURUM":null,"ACILIS":"2007-09-15","TARIH_KAPANIS":null}},{"type":"Feature","id":50,"geometry":{"type":"Point","coordinates":[28.8512586305692,41.1162012187157,0]},"properties":{"OBJECTID":50,"TUR":"3","KOD":"T4","AD":"Mescid-i Selam","IKON_URL":"https://upload.wikimedia.org/wikipedia/commons/7/74/Istanbul_T4_Line_Symbol.svg","RENK_HEX":"#FF7F40","BOYUT_PT":1,"PR_DURUM":"1","PR_ACILIS":null,"PR_KURUM":null,"ACILIS":"2007-09-15","TARIH_KAPANIS":null}},{"type":"Feature","id":51,"geometry":{"type":"Point","coordinates":[28.8753623556301,41.0805223068378,0]},"properties":{"OBJECTID":51,"TUR":"3","KOD":"T4","AD":"Kiptaş Venezia","IKON_URL":"https://upload.wikimedia.org/wikipedia/commons/7/74/Istanbul_T4_Line_Symbol.svg","RENK_HEX":"#FF7F40","BOYUT_PT":1,"PR_DURUM":"1","PR_ACILIS":null,"PR_KURUM":null,"ACILIS":"2007-09-15","TARIH_KAPANIS":null}},{"type":"Feature","id":52,"geometry":{"type":"Point","coordinates":[28.875362854195,41.0815214146625,0]},"properties":{"OBJECTID":52,"TUR":"2","KOD":"M7","AD":"Karadeniz Mahallesi","IKON_URL":"https://upload.wikimedia.org/wikipedia/commons/6/6d/Istanbul_M7_Line_Symbol.svg","RENK_HEX":"#F29EBF","BOYUT_PT":2,"PR_DURUM":"1","PR_ACILIS":null,"PR_KURUM":null,"ACILIS":"2020-10-28","TARIH_KAPANIS":null}},{"type":"Feature","id":53,"geometry":{"type":"Point","coordinates":[28.9704957462388,41.01814098202,0]},"properties":{"OBJECTID":53,"TUR":"3","KOD":"T5","AD":"Eminönü","IKON_URL":"https://upload.wikimedia.org/wikipedia/commons/4/43/Istanbul_T5_Line_Symbol.svg","RENK_HEX":"#7C72B3","BOYUT_PT":1,"PR_DURUM":"1","PR_ACILIS":null,"PR_KURUM":null,"ACILIS":"2023-08-30","TARIH_KAPANIS":null}},{"type":"Feature","id":54,"geometry":{"type":"Point","coordinates":[28.9632762180657,41.0209145004604,0]},"properties":{"OBJECTID":54,"TUR":"3","KOD":"T5","AD":"Küçükpazar","IKON_URL":"https://upload.wikimedia.org/wikipedia/commons/4/43/Istanbul_T5_Line_Symbol.svg","RENK_HEX":"#7C72B3","BOYUT_PT":1,"PR_DURUM":"1","PR_ACILIS":null,"PR_KURUM":null,"ACILIS":"2023-08-30","TARIH_KAPANIS":null}},{"type":"Feature","id":55,"geometry":{"type":"Point","coordinates":[28.9602701398163,41.0242526642511,0]},"properties":{"OBJECTID":55,"TUR":"3","KOD":"T5","AD":"Cibali","IKON_URL":"https://upload.wikimedia.org/wikipedia/commons/4/43/Istanbul_T5_Line_Symbol.svg","RENK_HEX":"#7C72B3","BOYUT_PT":1,"PR_DURUM":"1","PR_ACILIS":null,"PR_KURUM":null,"ACILIS":"2021-01-01","TARIH_KAPANIS":null}},{"type":"Feature","id":56,"geometry":{"type":"Point","coordinates":[28.9544837047957,41.0285972934,0]},"properties":{"OBJECTID":56,"TUR":"3","KOD":"T5","AD":"Fener","IKON_URL":"https://upload.wikimedia.org/wikipedia/commons/4/43/Istanbul_T5_Line_Symbol.svg","RENK_HEX":"#7C72B3","BOYUT_PT":1,"PR_DURUM":"1","PR_ACILIS":null,"PR_KURUM":null,"ACILIS":"2021-01-01","TARIH_KAPANIS":null}},{"type":"Feature","id":57,"geometry":{"type":"Point","coordinates":[28.9480286114884,41.0340388145517,0]},"properties":{"OBJECTID":57,"TUR":"3","KOD":"T5","AD":"Balat","IKON_URL":"https://upload.wikimedia.org/wikipedia/commons/4/43/Istanbul_T5_Line_Symbol.svg","RENK_HEX":"#7C72B3","BOYUT_PT":1,"PR_DURUM":"1","PR_ACILIS":null,"PR_KURUM":null,"ACILIS":"2021-01-01","TARIH_KAPANIS":null}},{"type":"Feature","id":58,"geometry":{"type":"Point","coordinates":[28.9438551958835,41.0395939451061,0]},"properties":{"OBJECTID":58,"TUR":"3","KOD":"T5","AD":"Ayvansaray","IKON_URL":"https://upload.wikimedia.org/wikipedia/commons/4/43/Istanbul_T5_Line_Symbol.svg","RENK_HEX":"#7C72B3","BOYUT_PT":1,"PR_DURUM":"1","PR_ACILIS":null,"PR_KURUM":null,"ACILIS":"2021-01-01","TARIH_KAPANIS":null}},{"type":"Feature","id":59,"geometry":{"type":"Point","coordinates":[28.9379744036221,41.0454465196236,0]},"properties":{"OBJECTID":59,"TUR":"3","KOD":"T5","AD":"Feshane","IKON_URL":"https://upload.wikimedia.org/wikipedia/commons/4/43/Istanbul_T5_Line_Symbol.svg","RENK_HEX":"#7C72B3","BOYUT_PT":1,"PR_DURUM":"1","PR_ACILIS":null,"PR_KURUM":null,"ACILIS":"2021-01-01","TARIH_KAPANIS":null}},{"type":"Feature","id":60,"geometry":{"type":"Point","coordinates":[28.9344012288154,41.0498009722351,0]},"properties":{"OBJECTID":60,"TUR":"5","KOD":"TF2","AD":"Eyüp","IKON_URL":"https://upload.wikimedia.org/wikipedia/commons/5/5f/Istanbul_TF2_Line_Symbol.svg","RENK_HEX":"#65BAAF","BOYUT_PT":1,"PR_DURUM":"1","PR_ACILIS":null,"PR_KURUM":null,"ACILIS":"2005-11-01","TARIH_KAPANIS":null}},{"type":"Feature","id":61,"geometry":{"type":"Point","coordinates":[28.9333855809788,41.0532958279254,0]},"properties":{"OBJECTID":61,"TUR":"5","KOD":"TF2","AD":"Piyer Loti","IKON_URL":"https://upload.wikimedia.org/wikipedia/commons/5/5f/Istanbul_TF2_Line_Symbol.svg","RENK_HEX":"#65BAAF","BOYUT_PT":1,"PR_DURUM":"1","PR_ACILIS":null,"PR_KURUM":null,"ACILIS":"2005-11-01","TARIH_KAPANIS":null}},{"type":"Feature","id":62,"geometry":{"type":"Point","coordinates":[28.9351881583942,41.0505070089621,0]},"properties":{"OBJECTID":62,"TUR":"3","KOD":"T5","AD":"Eyüpsultan Teleferik","IKON_URL":"https://upload.wikimedia.org/wikipedia/commons/4/43/Istanbul_T5_Line_Symbol.svg","RENK_HEX":"#7C72B3","BOYUT_PT":1,"PR_DURUM":"1","PR_ACILIS":null,"PR_KURUM":null,"ACILIS":"2021-01-01","TARIH_KAPANIS":null}},{"type":"Feature","id":63,"geometry":{"type":"Point","coordinates":[28.9411192500233,41.0567109210353,0]},"properties":{"OBJECTID":63,"TUR":"3","KOD":"T5","AD":"Eyüpsultan Devlet Hastanesi","IKON_URL":"https://upload.wikimedia.org/wikipedia/commons/4/43/Istanbul_T5_Line_Symbol.svg","RENK_HEX":"#7C72B3","BOYUT_PT":1,"PR_DURUM":"1","PR_ACILIS":null,"PR_KURUM":null,"ACILIS":"2021-01-01","TARIH_KAPANIS":null}},{"type":"Feature","id":64,"geometry":{"type":"Point","coordinates":[28.9428970824459,41.0647539341172,0]},"properties":{"OBJECTID":64,"TUR":"3","KOD":"T5","AD":"Silahtarağa Mahallesi","IKON_URL":"https://upload.wikimedia.org/wikipedia/commons/4/43/Istanbul_T5_Line_Symbol.svg","RENK_HEX":"#7C72B3","BOYUT_PT":1,"PR_DURUM":"1","PR_ACILIS":null,"PR_KURUM":null,"ACILIS":"2021-01-01","TARIH_KAPANIS":null}},{"type":"Feature","id":65,"geometry":{"type":"Point","coordinates":[28.9428578889501,41.0697814124178,0]},"properties":{"OBJECTID":65,"TUR":"3","KOD":"T5","AD":"Üniversite","IKON_URL":"https://upload.wikimedia.org/wikipedia/commons/4/43/Istanbul_T5_Line_Symbol.svg","RENK_HEX":"#7C72B3","BOYUT_PT":1,"PR_DURUM":"1","PR_ACILIS":null,"PR_KURUM":null,"ACILIS":"2021-01-01","TARIH_KAPANIS":null}},{"type":"Feature","id":66,"geometry":{"type":"Point","coordinates":[28.9460756704674,41.0737599131236,0]},"properties":{"OBJECTID":66,"TUR":"3","KOD":"T5","AD":"Alibeyköy Merkez","IKON_URL":"https://upload.wikimedia.org/wikipedia/commons/4/43/Istanbul_T5_Line_Symbol.svg","RENK_HEX":"#7C72B3","BOYUT_PT":1,"PR_DURUM":"1","PR_ACILIS":null,"PR_KURUM":null,"ACILIS":"2021-01-01","TARIH_KAPANIS":null}},{"type":"Feature","id":67,"geometry":{"type":"Point","coordinates":[28.9494572741499,41.0784333922802,0]},"properties":{"OBJECTID":67,"TUR":"3","KOD":"T5","AD":"Alibeyköy Metro","IKON_URL":"https://upload.wikimedia.org/wikipedia/commons/4/43/Istanbul_T5_Line_Symbol.svg","RENK_HEX":"#7C72B3","BOYUT_PT":1,"PR_DURUM":"1","PR_ACILIS":null,"PR_KURUM":null,"ACILIS":"2021-01-01","TARIH_KAPANIS":null}},{"type":"Feature","id":68,"geometry":{"type":"Point","coordinates":[28.9434016796157,41.086908065512,0]},"properties":{"OBJECTID":68,"TUR":"3","KOD":"T5","AD":"Alibeyköy Cep Otogarı","IKON_URL":"https://upload.wikimedia.org/wikipedia/commons/4/43/Istanbul_T5_Line_Symbol.svg","RENK_HEX":"#7C72B3","BOYUT_PT":1,"PR_DURUM":"1","PR_ACILIS":null,"PR_KURUM":null,"ACILIS":"2021-01-01","TARIH_KAPANIS":null}},{"type":"Feature","id":69,"geometry":{"type":"Point","coordinates":[29.0967696880241,40.9516841837202,0]},"properties":{"OBJECTID":69,"TUR":"2","KOD":"M8","AD":"Bostancı","IKON_URL":"https://upload.wikimedia.org/wikipedia/commons/d/d2/Istanbul_M8_Line_Symbol.svg","RENK_HEX":"#447ABE","BOYUT_PT":2,"PR_DURUM":"1","PR_ACILIS":null,"PR_KURUM":null,"ACILIS":"2023-01-06","TARIH_KAPANIS":null}},{"type":"Feature","id":70,"geometry":{"type":"Point","coordinates":[29.0936520354232,40.9606332906355,0]},"properties":{"OBJECTID":70,"TUR":"2","KOD":"M8","AD":"Emin Ali Paşa","IKON_URL":"https://upload.wikimedia.org/wikipedia/commons/d/d2/Istanbul_M8_Line_Symbol.svg","RENK_HEX":"#447ABE","BOYUT_PT":2,"PR_DURUM":"1","PR_ACILIS":null,"PR_KURUM":null,"ACILIS":"2023-01-06","TARIH_KAPANIS":null}},{"type":"Feature","id":71,"geometry":{"type":"Point","coordinates":[29.0867569445947,40.9667768848358,0]},"properties":{"OBJECTID":71,"TUR":"2","KOD":"M8","AD":"Ayşe Kadın","IKON_URL":"https://upload.wikimedia.org/wikipedia/commons/d/d2/Istanbul_M8_Line_Symbol.svg","RENK_HEX":"#447ABE","BOYUT_PT":2,"PR_DURUM":"1","PR_ACILIS":null,"PR_KURUM":null,"ACILIS":"2023-01-06","TARIH_KAPANIS":null}},{"type":"Feature","id":72,"geometry":{"type":"Point","coordinates":[29.1117893515896,40.9789463223664,0]},"properties":{"OBJECTID":72,"TUR":"2","KOD":"M8","AD":"Küçükbakkalköy","IKON_URL":"https://upload.wikimedia.org/wikipedia/commons/d/d2/Istanbul_M8_Line_Symbol.svg","RENK_HEX":"#447ABE","BOYUT_PT":2,"PR_DURUM":"1","PR_ACILIS":null,"PR_KURUM":null,"ACILIS":"2023-01-06","TARIH_KAPANIS":null}},{"type":"Feature","id":73,"geometry":{"type":"Point","coordinates":[29.137801497166,40.9848074724568,0]},"properties":{"OBJECTID":73,"TUR":"2","KOD":"M8","AD":"Kayışdağı","IKON_URL":"https://upload.wikimedia.org/wikipedia/commons/d/d2/Istanbul_M8_Line_Symbol.svg","RENK_HEX":"#447ABE","BOYUT_PT":2,"PR_DURUM":"1","PR_ACILIS":null,"PR_KURUM":null,"ACILIS":"2023-01-06","TARIH_KAPANIS":null}},{"type":"Feature","id":74,"geometry":{"type":"Point","coordinates":[29.1262399108631,40.9789784702988,0]},"properties":{"OBJECTID":74,"TUR":"2","KOD":"M8","AD":"İçerenköy","IKON_URL":"https://upload.wikimedia.org/wikipedia/commons/d/d2/Istanbul_M8_Line_Symbol.svg","RENK_HEX":"#447ABE","BOYUT_PT":2,"PR_DURUM":"1","PR_ACILIS":null,"PR_KURUM":null,"ACILIS":"2023-01-06","TARIH_KAPANIS":null}},{"type":"Feature","id":75,"geometry":{"type":"Point","coordinates":[29.1534014391674,40.992200935741,0]},"properties":{"OBJECTID":75,"TUR":"2","KOD":"M8","AD":"Mevlana","IKON_URL":"https://upload.wikimedia.org/wikipedia/commons/d/d2/Istanbul_M8_Line_Symbol.svg","RENK_HEX":"#447ABE","BOYUT_PT":2,"PR_DURUM":"1","PR_ACILIS":null,"PR_KURUM":null,"ACILIS":"2023-01-06","TARIH_KAPANIS":null}},{"type":"Feature","id":76,"geometry":{"type":"Point","coordinates":[29.1562201584928,41.0002663351451,0]},"properties":{"OBJECTID":76,"TUR":"2","KOD":"M8","AD":"İMES","IKON_URL":"https://upload.wikimedia.org/wikipedia/commons/d/d2/Istanbul_M8_Line_Symbol.svg","RENK_HEX":"#447ABE","BOYUT_PT":2,"PR_DURUM":"1","PR_ACILIS":null,"PR_KURUM":null,"ACILIS":"2023-01-06","TARIH_KAPANIS":null}},{"type":"Feature","id":77,"geometry":{"type":"Point","coordinates":[29.161800926924,41.0071583453815,0]},"properties":{"OBJECTID":77,"TUR":"2","KOD":"M8","AD":"MODOKO-KEYAP","IKON_URL":"https://upload.wikimedia.org/wikipedia/commons/d/d2/Istanbul_M8_Line_Symbol.svg","RENK_HEX":"#447ABE","BOYUT_PT":2,"PR_DURUM":"1","PR_ACILIS":null,"PR_KURUM":null,"ACILIS":"2023-01-06","TARIH_KAPANIS":null}},{"type":"Feature","id":78,"geometry":{"type":"Point","coordinates":[29.1595257018202,41.0226351492837,0]},"properties":{"OBJECTID":78,"TUR":"2","KOD":"M8","AD":"Huzur","IKON_URL":"https://upload.wikimedia.org/wikipedia/commons/d/d2/Istanbul_M8_Line_Symbol.svg","RENK_HEX":"#447ABE","BOYUT_PT":2,"PR_DURUM":"1","PR_ACILIS":null,"PR_KURUM":null,"ACILIS":"2023-01-06","TARIH_KAPANIS":null}},{"type":"Feature","id":79,"geometry":{"type":"Point","coordinates":[29.1526496948016,41.0312430826613,0]},"properties":{"OBJECTID":79,"TUR":"2","KOD":"M8","AD":"Parseller","IKON_URL":"https://upload.wikimedia.org/wikipedia/commons/d/d2/Istanbul_M8_Line_Symbol.svg","RENK_HEX":"#447ABE","BOYUT_PT":2,"PR_DURUM":"1","PR_ACILIS":null,"PR_KURUM":null,"ACILIS":"2023-01-06","TARIH_KAPANIS":null}},{"type":"Feature","id":80,"geometry":{"type":"Point","coordinates":[29.1626390928134,41.0152290742767,0]},"properties":{"OBJECTID":80,"TUR":"2","KOD":"M5","AD":"Dudullu","IKON_URL":"https://upload.wikimedia.org/wikipedia/commons/b/bd/Istanbul_M5_Line_Symbol.svg","RENK_HEX":"#673065","BOYUT_PT":2,"PR_DURUM":"1","PR_ACILIS":null,"PR_KURUM":null,"ACILIS":"2018-10-21","TARIH_KAPANIS":null}},{"type":"Feature","id":81,"geometry":{"type":"Point","coordinates":[29.1635675959826,41.0146607826407,0]},"properties":{"OBJECTID":81,"TUR":"2","KOD":"M8","AD":"Dudullu","IKON_URL":"https://upload.wikimedia.org/wikipedia/commons/d/d2/Istanbul_M8_Line_Symbol.svg","RENK_HEX":"#447ABE","BOYUT_PT":2,"PR_DURUM":"1","PR_ACILIS":null,"PR_KURUM":null,"ACILIS":"2023-01-06","TARIH_KAPANIS":null}},{"type":"Feature","id":82,"geometry":{"type":"Point","coordinates":[29.0750920125083,41.025530867274,0]},"properties":{"OBJECTID":82,"TUR":"2","KOD":"M14","AD":"Ferah Mahallesi","IKON_URL":"https://upload.wikimedia.org/wikipedia/commons/1/19/Istanbul_M14_Line_Symbol.svg","RENK_HEX":"#B16400","BOYUT_PT":2,"PR_DURUM":"3","PR_ACILIS":null,"PR_KURUM":"UAB","ACILIS":null,"TARIH_KAPANIS":null}},{"type":"Feature","id":83,"geometry":{"type":"Point","coordinates":[29.0789747081344,41.0341749063128,0]},"properties":{"OBJECTID":83,"TUR":"2","KOD":"M14","AD":"Bosna Bulvarı","IKON_URL":"https://upload.wikimedia.org/wikipedia/commons/1/19/Istanbul_M14_Line_Symbol.svg","RENK_HEX":"#B16400","BOYUT_PT":2,"PR_DURUM":"3","PR_ACILIS":null,"PR_KURUM":"UAB","ACILIS":null,"TARIH_KAPANIS":null}},{"type":"Feature","id":84,"geometry":{"type":"Point","coordinates":[29.0716625142481,41.0344387116647,0]},"properties":{"OBJECTID":84,"TUR":"2","KOD":"M14","AD":"Çamlıca Camii","IKON_URL":"https://upload.wikimedia.org/wikipedia/commons/1/19/Istanbul_M14_Line_Symbol.svg","RENK_HEX":"#B16400","BOYUT_PT":2,"PR_DURUM":"3","PR_ACILIS":null,"PR_KURUM":"UAB","ACILIS":null,"TARIH_KAPANIS":null}},{"type":"Feature","id":85,"geometry":{"type":"Point","coordinates":[28.7667731291266,41.0184228310231,0]},"properties":{"OBJECTID":85,"TUR":"1","KOD":"B1","AD":"Halkalı","IKON_URL":"https://upload.wikimedia.org/wikipedia/commons/9/96/Istanbul_B1_Line_Symbol.svg","RENK_HEX":"#65656A","BOYUT_PT":2,"PR_DURUM":"1","PR_ACILIS":null,"PR_KURUM":null,"ACILIS":"2019-03-12","TARIH_KAPANIS":null}},{"type":"Feature","id":86,"geometry":{"type":"Point","coordinates":[28.7674019408424,41.0184202310681,0]},"properties":{"OBJECTID":86,"TUR":"2","KOD":"M1B","AD":"Halkalı","IKON_URL":"https://upload.wikimedia.org/wikipedia/commons/6/62/Istanbul_M1B_Line_Symbol.svg","RENK_HEX":"#E1251B","BOYUT_PT":2,"PR_DURUM":"5","PR_ACILIS":null,"PR_KURUM":null,"ACILIS":null,"TARIH_KAPANIS":null}},{"type":"Feature","id":87,"geometry":{"type":"Point","coordinates":[28.7680307516598,41.018417631113,0]},"properties":{"OBJECTID":87,"TUR":"2","KOD":"M11","AD":"Halkalı","IKON_URL":"https://upload.wikimedia.org/wikipedia/commons/1/14/Istanbul_M11_Line_Symbol.svg","RENK_HEX":"#AB548F","BOYUT_PT":2,"PR_DURUM":"2","PR_ACILIS":null,"PR_KURUM":"UAB","ACILIS":null,"TARIH_KAPANIS":null}},{"type":"Feature","id":88,"geometry":{"type":"Point","coordinates":[28.7738572488471,41.0061765340439,0]},"properties":{"OBJECTID":88,"TUR":"1","KOD":"B1","AD":"Mustafa Kemal","IKON_URL":"https://upload.wikimedia.org/wikipedia/commons/9/96/Istanbul_B1_Line_Symbol.svg","RENK_HEX":"#65656A","BOYUT_PT":2,"PR_DURUM":"1","PR_ACILIS":null,"PR_KURUM":null,"ACILIS":"2019-03-12","TARIH_KAPANIS":null}},{"type":"Feature","id":89,"geometry":{"type":"Point","coordinates":[28.7729481043722,40.988491561075,0]},"properties":{"OBJECTID":89,"TUR":"1","KOD":"B1","AD":"Küçükçekmece","IKON_URL":"https://upload.wikimedia.org/wikipedia/commons/9/96/Istanbul_B1_Line_Symbol.svg","RENK_HEX":"#65656A","BOYUT_PT":2,"PR_DURUM":"1","PR_ACILIS":null,"PR_KURUM":null,"ACILIS":"2019-03-12","TARIH_KAPANIS":null}},{"type":"Feature","id":90,"geometry":{"type":"Point","coordinates":[28.7969810718331,40.9678216769227,0]},"properties":{"OBJECTID":90,"TUR":"1","KOD":"B1","AD":"Florya Akvaryum","IKON_URL":"https://upload.wikimedia.org/wikipedia/commons/9/96/Istanbul_B1_Line_Symbol.svg","RENK_HEX":"#65656A","BOYUT_PT":2,"PR_DURUM":"1","PR_ACILIS":null,"PR_KURUM":null,"ACILIS":"2019-03-12","TARIH_KAPANIS":null}},{"type":"Feature","id":91,"geometry":{"type":"Point","coordinates":[28.8249146302589,40.9625786481133,0]},"properties":{"OBJECTID":91,"TUR":"1","KOD":"B1","AD":"Yeşilköy","IKON_URL":"https://upload.wikimedia.org/wikipedia/commons/9/96/Istanbul_B1_Line_Symbol.svg","RENK_HEX":"#65656A","BOYUT_PT":2,"PR_DURUM":"1","PR_ACILIS":null,"PR_KURUM":null,"ACILIS":"2019-03-12","TARIH_KAPANIS":null}},{"type":"Feature","id":92,"geometry":{"type":"Point","coordinates":[28.8373710427893,40.9654403832488,0]},"properties":{"OBJECTID":92,"TUR":"1","KOD":"B1","AD":"Yeşilyurt","IKON_URL":"https://upload.wikimedia.org/wikipedia/commons/9/96/Istanbul_B1_Line_Symbol.svg","RENK_HEX":"#65656A","BOYUT_PT":2,"PR_DURUM":"1","PR_ACILIS":null,"PR_KURUM":null,"ACILIS":"2019-03-12","TARIH_KAPANIS":null}},{"type":"Feature","id":93,"geometry":{"type":"Point","coordinates":[28.8562286551,40.979836311027,0]},"properties":{"OBJECTID":93,"TUR":"2","KOD":"M9","AD":"Ataköy","IKON_URL":"https://upload.wikimedia.org/wikipedia/commons/d/db/Istanbul_M9_Line_Symbol.svg","RENK_HEX":"#FFD300","BOYUT_PT":2,"PR_DURUM":"1","PR_ACILIS":null,"PR_KURUM":null,"ACILIS":"2024-03-18","TARIH_KAPANIS":null}},{"type":"Feature","id":94,"geometry":{"type":"Point","coordinates":[28.856250668316,40.9801648050582,0]},"properties":{"OBJECTID":94,"TUR":"1","KOD":"B1","AD":"Ataköy","IKON_URL":"https://upload.wikimedia.org/wikipedia/commons/9/96/Istanbul_B1_Line_Symbol.svg","RENK_HEX":"#65656A","BOYUT_PT":2,"PR_DURUM":"1","PR_ACILIS":null,"PR_KURUM":null,"ACILIS":"2019-03-12","TARIH_KAPANIS":null}},{"type":"Feature","id":95,"geometry":{"type":"Point","coordinates":[28.8724071040595,40.98027157827,0]},"properties":{"OBJECTID":95,"TUR":"1","KOD":"B1","AD":"Bakırköy","IKON_URL":"https://upload.wikimedia.org/wikipedia/commons/9/96/Istanbul_B1_Line_Symbol.svg","RENK_HEX":"#65656A","BOYUT_PT":2,"PR_DURUM":"1","PR_ACILIS":null,"PR_KURUM":null,"ACILIS":"2019-03-12","TARIH_KAPANIS":null}},{"type":"Feature","id":96,"geometry":{"type":"Point","coordinates":[28.8809641230794,40.9816908413255,0]},"properties":{"OBJECTID":96,"TUR":"1","KOD":"B1","AD":"Yenimahalle","IKON_URL":"https://upload.wikimedia.org/wikipedia/commons/9/96/Istanbul_B1_Line_Symbol.svg","RENK_HEX":"#65656A","BOYUT_PT":2,"PR_DURUM":"1","PR_ACILIS":null,"PR_KURUM":null,"ACILIS":"2019-03-12","TARIH_KAPANIS":null}},{"type":"Feature","id":97,"geometry":{"type":"Point","coordinates":[28.905467553526,40.9858743180732,0]},"properties":{"OBJECTID":97,"TUR":"1","KOD":"B1","AD":"Zeytinburnu","IKON_URL":"https://upload.wikimedia.org/wikipedia/commons/9/96/Istanbul_B1_Line_Symbol.svg","RENK_HEX":"#65656A","BOYUT_PT":2,"PR_DURUM":"1","PR_ACILIS":null,"PR_KURUM":null,"ACILIS":"2019-03-12","TARIH_KAPANIS":null}},{"type":"Feature","id":98,"geometry":{"type":"Point","coordinates":[28.9168884223329,40.9926634437882,0]},"properties":{"OBJECTID":98,"TUR":"1","KOD":"B1","AD":"Kazlıçeşme","IKON_URL":"https://upload.wikimedia.org/wikipedia/commons/9/96/Istanbul_B1_Line_Symbol.svg","RENK_HEX":"#65656A","BOYUT_PT":2,"PR_DURUM":"1","PR_ACILIS":null,"PR_KURUM":null,"ACILIS":"2013-10-29","TARIH_KAPANIS":null}},{"type":"Feature","id":99,"geometry":{"type":"Point","coordinates":[28.916863178775,40.9925669880882,0]},"properties":{"OBJECTID":99,"TUR":"3","KOD":"T6","AD":"Kazlıçeşme","IKON_URL":"https://upload.wikimedia.org/wikipedia/commons/d/d8/Istanbul_T6_Line_Symbol.svg","RENK_HEX":"#E77C7C","BOYUT_PT":1,"PR_DURUM":"1","PR_ACILIS":null,"PR_KURUM":null,"ACILIS":"2024-02-26","TARIH_KAPANIS":null}},{"type":"Feature","id":100,"geometry":{"type":"Point","coordinates":[28.9269273085336,40.9935121768056,0]},"properties":{"OBJECTID":100,"TUR":"3","KOD":"T6","AD":"Yedikule","IKON_URL":"https://upload.wikimedia.org/wikipedia/commons/d/d8/Istanbul_T6_Line_Symbol.svg","RENK_HEX":"#E77C7C","BOYUT_PT":1,"PR_DURUM":"1","PR_ACILIS":null,"PR_KURUM":null,"ACILIS":"2024-02-26","TARIH_KAPANIS":null}},{"type":"Feature","id":101,"geometry":{"type":"Point","coordinates":[28.9332025914605,40.9999388443006,0]},"properties":{"OBJECTID":101,"TUR":"3","KOD":"T6","AD":"Kocamustafapaşa","IKON_URL":"https://upload.wikimedia.org/wikipedia/commons/d/d8/Istanbul_T6_Line_Symbol.svg","RENK_HEX":"#E77C7C","BOYUT_PT":1,"PR_DURUM":"1","PR_ACILIS":null,"PR_KURUM":null,"ACILIS":"2024-02-26","TARIH_KAPANIS":null}},{"type":"Feature","id":102,"geometry":{"type":"Point","coordinates":[28.9515920791001,41.0051654120302,0]},"properties":{"OBJECTID":102,"TUR":"1","KOD":"B1","AD":"Yenikapı","IKON_URL":"https://upload.wikimedia.org/wikipedia/commons/9/96/Istanbul_B1_Line_Symbol.svg","RENK_HEX":"#65656A","BOYUT_PT":2,"PR_DURUM":"1","PR_ACILIS":null,"PR_KURUM":null,"ACILIS":"2013-10-29","TARIH_KAPANIS":null}},{"type":"Feature","id":103,"geometry":{"type":"Point","coordinates":[28.9514467478569,41.0055711565562,0]},"properties":{"OBJECTID":103,"TUR":"2","KOD":"M2","AD":"Yenikapı","IKON_URL":"https://upload.wikimedia.org/wikipedia/commons/3/3a/Istanbul_M2_Line_Symbol.svg","RENK_HEX":"#009845","BOYUT_PT":2,"PR_DURUM":"1","PR_ACILIS":null,"PR_KURUM":null,"ACILIS":"2014-03-16","TARIH_KAPANIS":null}},{"type":"Feature","id":104,"geometry":{"type":"Point","coordinates":[28.9525139383295,41.0048283441842,0]},"properties":{"OBJECTID":104,"TUR":"3","KOD":"T6","AD":"Yenikapı","IKON_URL":"https://upload.wikimedia.org/wikipedia/commons/d/d8/Istanbul_T6_Line_Symbol.svg","RENK_HEX":"#E77C7C","BOYUT_PT":1,"PR_DURUM":"1","PR_ACILIS":null,"PR_KURUM":null,"ACILIS":"2024-02-26","TARIH_KAPANIS":null}},{"type":"Feature","id":105,"geometry":{"type":"Point","coordinates":[28.9759604945561,41.0134124764754,0]},"properties":{"OBJECTID":105,"TUR":"1","KOD":"B1","AD":"Sirkeci","IKON_URL":"https://upload.wikimedia.org/wikipedia/commons/9/96/Istanbul_B1_Line_Symbol.svg","RENK_HEX":"#65656A","BOYUT_PT":2,"PR_DURUM":"1","PR_ACILIS":null,"PR_KURUM":null,"ACILIS":"2013-10-29","TARIH_KAPANIS":null}},{"type":"Feature","id":106,"geometry":{"type":"Point","coordinates":[29.0130968969106,41.0256361526457,0]},"properties":{"OBJECTID":106,"TUR":"1","KOD":"B1","AD":"Üsküdar","IKON_URL":"https://upload.wikimedia.org/wikipedia/commons/9/96/Istanbul_B1_Line_Symbol.svg","RENK_HEX":"#65656A","BOYUT_PT":2,"PR_DURUM":"1","PR_ACILIS":null,"PR_KURUM":null,"ACILIS":"2013-10-29","TARIH_KAPANIS":null}},{"type":"Feature","id":107,"geometry":{"type":"Point","coordinates":[29.0131747637778,41.0253715123294,0]},"properties":{"OBJECTID":107,"TUR":"2","KOD":"M5","AD":"Üsküdar","IKON_URL":"https://upload.wikimedia.org/wikipedia/commons/b/bd/Istanbul_M5_Line_Symbol.svg","RENK_HEX":"#673065","BOYUT_PT":2,"PR_DURUM":"1","PR_ACILIS":null,"PR_KURUM":null,"ACILIS":"2017-12-15","TARIH_KAPANIS":null}},{"type":"Feature","id":108,"geometry":{"type":"Point","coordinates":[29.0302167227958,41.0003879238824,0]},"properties":{"OBJECTID":108,"TUR":"1","KOD":"B1","AD":"Ayrılıkçeşmesi","IKON_URL":"https://upload.wikimedia.org/wikipedia/commons/9/96/Istanbul_B1_Line_Symbol.svg","RENK_HEX":"#65656A","BOYUT_PT":2,"PR_DURUM":"1","PR_ACILIS":null,"PR_KURUM":null,"ACILIS":"2013-10-29","TARIH_KAPANIS":null}},{"type":"Feature","id":110,"geometry":{"type":"Point","coordinates":[29.03792518691,40.9906597899722,0]},"properties":{"OBJECTID":110,"TUR":"1","KOD":"B1","AD":"Söğütlüçeşme","IKON_URL":"https://upload.wikimedia.org/wikipedia/commons/9/96/Istanbul_B1_Line_Symbol.svg","RENK_HEX":"#65656A","BOYUT_PT":2,"PR_DURUM":"1","PR_ACILIS":null,"PR_KURUM":null,"ACILIS":"2019-03-12","TARIH_KAPANIS":null}},{"type":"Feature","id":111,"geometry":{"type":"Point","coordinates":[29.0489420851303,40.9787223518309,0]},"properties":{"OBJECTID":111,"TUR":"1","KOD":"B1","AD":"Feneryolu","IKON_URL":"https://upload.wikimedia.org/wikipedia/commons/9/96/Istanbul_B1_Line_Symbol.svg","RENK_HEX":"#65656A","BOYUT_PT":2,"PR_DURUM":"1","PR_ACILIS":null,"PR_KURUM":null,"ACILIS":"2019-03-12","TARIH_KAPANIS":null}},{"type":"Feature","id":112,"geometry":{"type":"Point","coordinates":[29.0626444456885,40.9791674871832,0]},"properties":{"OBJECTID":112,"TUR":"1","KOD":"B1","AD":"Göztepe","IKON_URL":"https://upload.wikimedia.org/wikipedia/commons/9/96/Istanbul_B1_Line_Symbol.svg","RENK_HEX":"#65656A","BOYUT_PT":2,"PR_DURUM":"1","PR_ACILIS":null,"PR_KURUM":null,"ACILIS":"2019-03-12","TARIH_KAPANIS":null}},{"type":"Feature","id":113,"geometry":{"type":"Point","coordinates":[29.0764271946848,40.9714774602763,0]},"properties":{"OBJECTID":113,"TUR":"1","KOD":"B1","AD":"Erenköy","IKON_URL":"https://upload.wikimedia.org/wikipedia/commons/9/96/Istanbul_B1_Line_Symbol.svg","RENK_HEX":"#65656A","BOYUT_PT":2,"PR_DURUM":"1","PR_ACILIS":null,"PR_KURUM":null,"ACILIS":"2019-03-12","TARIH_KAPANIS":null}},{"type":"Feature","id":114,"geometry":{"type":"Point","coordinates":[29.0844467193308,40.9604747488222,0]},"properties":{"OBJECTID":114,"TUR":"1","KOD":"B1","AD":"Suadiye","IKON_URL":"https://upload.wikimedia.org/wikipedia/commons/9/96/Istanbul_B1_Line_Symbol.svg","RENK_HEX":"#65656A","BOYUT_PT":2,"PR_DURUM":"1","PR_ACILIS":null,"PR_KURUM":null,"ACILIS":"2019-03-12","TARIH_KAPANIS":null}},{"type":"Feature","id":115,"geometry":{"type":"Point","coordinates":[29.0940915613288,40.9541973316786,0]},"properties":{"OBJECTID":115,"TUR":"1","KOD":"B1","AD":"Bostancı","IKON_URL":"https://upload.wikimedia.org/wikipedia/commons/9/96/Istanbul_B1_Line_Symbol.svg","RENK_HEX":"#65656A","BOYUT_PT":2,"PR_DURUM":"1","PR_ACILIS":null,"PR_KURUM":null,"ACILIS":"2019-03-12","TARIH_KAPANIS":null}},{"type":"Feature","id":116,"geometry":{"type":"Point","coordinates":[29.1069164547039,40.9462715772631,0]},"properties":{"OBJECTID":116,"TUR":"1","KOD":"B1","AD":"Küçükyalı","IKON_URL":"https://upload.wikimedia.org/wikipedia/commons/9/96/Istanbul_B1_Line_Symbol.svg","RENK_HEX":"#65656A","BOYUT_PT":2,"PR_DURUM":"1","PR_ACILIS":null,"PR_KURUM":null,"ACILIS":"2019-03-12","TARIH_KAPANIS":null}},{"type":"Feature","id":117,"geometry":{"type":"Point","coordinates":[29.1142183134729,40.9378596489782,0]},"properties":{"OBJECTID":117,"TUR":"1","KOD":"B1","AD":"İdealtepe","IKON_URL":"https://upload.wikimedia.org/wikipedia/commons/9/96/Istanbul_B1_Line_Symbol.svg","RENK_HEX":"#65656A","BOYUT_PT":2,"PR_DURUM":"1","PR_ACILIS":null,"PR_KURUM":null,"ACILIS":"2019-03-12","TARIH_KAPANIS":null}},{"type":"Feature","id":118,"geometry":{"type":"Point","coordinates":[29.1241670213955,40.9268696137194,0]},"properties":{"OBJECTID":118,"TUR":"1","KOD":"B1","AD":"Süreyya Plajı","IKON_URL":"https://upload.wikimedia.org/wikipedia/commons/9/96/Istanbul_B1_Line_Symbol.svg","RENK_HEX":"#65656A","BOYUT_PT":2,"PR_DURUM":"1","PR_ACILIS":null,"PR_KURUM":null,"ACILIS":"2019-03-12","TARIH_KAPANIS":null}},{"type":"Feature","id":119,"geometry":{"type":"Point","coordinates":[29.1335016122439,40.9206785739332,0]},"properties":{"OBJECTID":119,"TUR":"1","KOD":"B1","AD":"Maltepe","IKON_URL":"https://upload.wikimedia.org/wikipedia/commons/9/96/Istanbul_B1_Line_Symbol.svg","RENK_HEX":"#65656A","BOYUT_PT":2,"PR_DURUM":"1","PR_ACILIS":null,"PR_KURUM":null,"ACILIS":"2019-03-12","TARIH_KAPANIS":null}},{"type":"Feature","id":120,"geometry":{"type":"Point","coordinates":[29.1555957889462,40.9106198444825,0]},"properties":{"OBJECTID":120,"TUR":"1","KOD":"B1","AD":"Cevizli","IKON_URL":"https://upload.wikimedia.org/wikipedia/commons/9/96/Istanbul_B1_Line_Symbol.svg","RENK_HEX":"#65656A","BOYUT_PT":2,"PR_DURUM":"1","PR_ACILIS":null,"PR_KURUM":null,"ACILIS":"2019-03-12","TARIH_KAPANIS":null}},{"type":"Feature","id":121,"geometry":{"type":"Point","coordinates":[29.1693245177529,40.8986905513653,0]},"properties":{"OBJECTID":121,"TUR":"1","KOD":"B1","AD":"Atalar","IKON_URL":"https://upload.wikimedia.org/wikipedia/commons/9/96/Istanbul_B1_Line_Symbol.svg","RENK_HEX":"#65656A","BOYUT_PT":2,"PR_DURUM":"1","PR_ACILIS":null,"PR_KURUM":null,"ACILIS":"2019-03-12","TARIH_KAPANIS":null}},{"type":"Feature","id":122,"geometry":{"type":"Point","coordinates":[29.1774861424021,40.890343854048,0]},"properties":{"OBJECTID":122,"TUR":"1","KOD":"B1","AD":"Başak","IKON_URL":"https://upload.wikimedia.org/wikipedia/commons/9/96/Istanbul_B1_Line_Symbol.svg","RENK_HEX":"#65656A","BOYUT_PT":2,"PR_DURUM":"1","PR_ACILIS":null,"PR_KURUM":null,"ACILIS":"2019-03-12","TARIH_KAPANIS":null}},{"type":"Feature","id":123,"geometry":{"type":"Point","coordinates":[29.1912152458063,40.8885999343881,0]},"properties":{"OBJECTID":123,"TUR":"1","KOD":"B1","AD":"Kartal","IKON_URL":"https://upload.wikimedia.org/wikipedia/commons/9/96/Istanbul_B1_Line_Symbol.svg","RENK_HEX":"#65656A","BOYUT_PT":2,"PR_DURUM":"1","PR_ACILIS":null,"PR_KURUM":null,"ACILIS":"2019-03-12","TARIH_KAPANIS":null}},{"type":"Feature","id":124,"geometry":{"type":"Point","coordinates":[29.2104436000212,40.8845435021442,0]},"properties":{"OBJECTID":124,"TUR":"1","KOD":"B1","AD":"Yunus","IKON_URL":"https://upload.wikimedia.org/wikipedia/commons/9/96/Istanbul_B1_Line_Symbol.svg","RENK_HEX":"#65656A","BOYUT_PT":2,"PR_DURUM":"1","PR_ACILIS":null,"PR_KURUM":null,"ACILIS":"2019-03-12","TARIH_KAPANIS":null}},{"type":"Feature","id":125,"geometry":{"type":"Point","coordinates":[29.2318287104187,40.8802443807951,0]},"properties":{"OBJECTID":125,"TUR":"1","KOD":"B1","AD":"Pendik","IKON_URL":"https://upload.wikimedia.org/wikipedia/commons/9/96/Istanbul_B1_Line_Symbol.svg","RENK_HEX":"#65656A","BOYUT_PT":2,"PR_DURUM":"1","PR_ACILIS":null,"PR_KURUM":null,"ACILIS":"2019-03-12","TARIH_KAPANIS":null}},{"type":"Feature","id":126,"geometry":{"type":"Point","coordinates":[29.2317593937164,40.8807852031652,0]},"properties":{"OBJECTID":126,"TUR":"2","KOD":"M10","AD":"Pendik Merkez","IKON_URL":"https://upload.wikimedia.org/wikipedia/commons/1/1d/Istanbul_M10_Line_Symbol.svg","RENK_HEX":"#4DA93E","BOYUT_PT":2,"PR_DURUM":"3","PR_ACILIS":null,"PR_KURUM":"İBB","ACILIS":null,"TARIH_KAPANIS":null}},{"type":"Feature","id":127,"geometry":{"type":"Point","coordinates":[29.2835570641774,40.8568607993819,0]},"properties":{"OBJECTID":127,"TUR":"1","KOD":"B1","AD":"Güzelyalı","IKON_URL":"https://upload.wikimedia.org/wikipedia/commons/9/96/Istanbul_B1_Line_Symbol.svg","RENK_HEX":"#65656A","BOYUT_PT":2,"PR_DURUM":"1","PR_ACILIS":null,"PR_KURUM":null,"ACILIS":"2019-03-12","TARIH_KAPANIS":null}},{"type":"Feature","id":128,"geometry":{"type":"Point","coordinates":[29.2560103957715,40.8713220179808,0]},"properties":{"OBJECTID":128,"TUR":"1","KOD":"B1","AD":"Kaynarca","IKON_URL":"https://upload.wikimedia.org/wikipedia/commons/9/96/Istanbul_B1_Line_Symbol.svg","RENK_HEX":"#65656A","BOYUT_PT":2,"PR_DURUM":"1","PR_ACILIS":null,"PR_KURUM":null,"ACILIS":"2019-03-12","TARIH_KAPANIS":null}},{"type":"Feature","id":129,"geometry":{"type":"Point","coordinates":[29.2733488150029,40.861004008675,0]},"properties":{"OBJECTID":129,"TUR":"1","KOD":"B1","AD":"Tersane","IKON_URL":"https://upload.wikimedia.org/wikipedia/commons/9/96/Istanbul_B1_Line_Symbol.svg","RENK_HEX":"#65656A","BOYUT_PT":2,"PR_DURUM":"1","PR_ACILIS":null,"PR_KURUM":null,"ACILIS":"2019-03-12","TARIH_KAPANIS":null}},{"type":"Feature","id":130,"geometry":{"type":"Point","coordinates":[29.293175384315,40.852276610678,0]},"properties":{"OBJECTID":130,"TUR":"1","KOD":"B1","AD":"Aydıntepe","IKON_URL":"https://upload.wikimedia.org/wikipedia/commons/9/96/Istanbul_B1_Line_Symbol.svg","RENK_HEX":"#65656A","BOYUT_PT":2,"PR_DURUM":"1","PR_ACILIS":null,"PR_KURUM":null,"ACILIS":"2019-03-12","TARIH_KAPANIS":null}},{"type":"Feature","id":131,"geometry":{"type":"Point","coordinates":[29.3000757554407,40.8456417657669,0]},"properties":{"OBJECTID":131,"TUR":"1","KOD":"B1","AD":"İçmeler","IKON_URL":"https://upload.wikimedia.org/wikipedia/commons/9/96/Istanbul_B1_Line_Symbol.svg","RENK_HEX":"#65656A","BOYUT_PT":2,"PR_DURUM":"1","PR_ACILIS":null,"PR_KURUM":null,"ACILIS":"2019-03-12","TARIH_KAPANIS":null}},{"type":"Feature","id":132,"geometry":{"type":"Point","coordinates":[29.3223496257426,40.829972704227,0]},"properties":{"OBJECTID":132,"TUR":"1","KOD":"B1","AD":"Tuzla","IKON_URL":"https://upload.wikimedia.org/wikipedia/commons/9/96/Istanbul_B1_Line_Symbol.svg","RENK_HEX":"#65656A","BOYUT_PT":2,"PR_DURUM":"1","PR_ACILIS":null,"PR_KURUM":null,"ACILIS":"2019-03-12","TARIH_KAPANIS":null}},{"type":"Feature","id":133,"geometry":{"type":"Point","coordinates":[29.347425738471,40.8105235070834,0]},"properties":{"OBJECTID":133,"TUR":"1","KOD":"B1","AD":"Çayırova","IKON_URL":"https://upload.wikimedia.org/wikipedia/commons/9/96/Istanbul_B1_Line_Symbol.svg","RENK_HEX":"#65656A","BOYUT_PT":2,"PR_DURUM":"1","PR_ACILIS":null,"PR_KURUM":null,"ACILIS":"2019-03-12","TARIH_KAPANIS":null}},{"type":"Feature","id":134,"geometry":{"type":"Point","coordinates":[29.3639659237241,40.8075972491421,0]},"properties":{"OBJECTID":134,"TUR":"1","KOD":"B1","AD":"GTÜ-Fatih","IKON_URL":"https://upload.wikimedia.org/wikipedia/commons/9/96/Istanbul_B1_Line_Symbol.svg","RENK_HEX":"#65656A","BOYUT_PT":2,"PR_DURUM":"1","PR_ACILIS":null,"PR_KURUM":null,"ACILIS":"2019-03-12","TARIH_KAPANIS":null}},{"type":"Feature","id":135,"geometry":{"type":"Point","coordinates":[29.380049622879,40.7992660407897,0]},"properties":{"OBJECTID":135,"TUR":"1","KOD":"B1","AD":"Osmangazi","IKON_URL":"https://upload.wikimedia.org/wikipedia/commons/9/96/Istanbul_B1_Line_Symbol.svg","RENK_HEX":"#65656A","BOYUT_PT":2,"PR_DURUM":"1","PR_ACILIS":null,"PR_KURUM":null,"ACILIS":"2019-03-12","TARIH_KAPANIS":null}},{"type":"Feature","id":136,"geometry":{"type":"Point","coordinates":[29.391860419808,40.791399284366,0]},"properties":{"OBJECTID":136,"TUR":"1","KOD":"B1","AD":"Darıca","IKON_URL":"https://upload.wikimedia.org/wikipedia/commons/9/96/Istanbul_B1_Line_Symbol.svg","RENK_HEX":"#65656A","BOYUT_PT":2,"PR_DURUM":"1","PR_ACILIS":null,"PR_KURUM":null,"ACILIS":"2019-03-12","TARIH_KAPANIS":null}},{"type":"Feature","id":137,"geometry":{"type":"Point","coordinates":[29.4095581543733,40.7843137526573,0]},"properties":{"OBJECTID":137,"TUR":"1","KOD":"B1","AD":"Gebze","IKON_URL":"https://upload.wikimedia.org/wikipedia/commons/9/96/Istanbul_B1_Line_Symbol.svg","RENK_HEX":"#65656A","BOYUT_PT":2,"PR_DURUM":"1","PR_ACILIS":null,"PR_KURUM":null,"ACILIS":"2019-03-12","TARIH_KAPANIS":null}},{"type":"Feature","id":138,"geometry":{"type":"Point","coordinates":[28.7611181760226,41.0382800014001,0]},"properties":{"OBJECTID":138,"TUR":"1","KOD":"B2","AD":"Konutbirlik","IKON_URL":"https://upload.wikimedia.org/wikipedia/commons/c/c8/Istanbul_B2_Line_Symbol.svg","RENK_HEX":"#77787B","BOYUT_PT":2,"PR_DURUM":"1","PR_ACILIS":null,"PR_KURUM":null,"ACILIS":"2022-05-23","TARIH_KAPANIS":null}},{"type":"Feature","id":139,"geometry":{"type":"Point","coordinates":[28.6994332289296,41.0629996546106,0]},"properties":{"OBJECTID":139,"TUR":"1","KOD":"B2","AD":"Ispartakule","IKON_URL":"https://upload.wikimedia.org/wikipedia/commons/c/c8/Istanbul_B2_Line_Symbol.svg","RENK_HEX":"#77787B","BOYUT_PT":2,"PR_DURUM":"1","PR_ACILIS":null,"PR_KURUM":null,"ACILIS":"2022-05-23","TARIH_KAPANIS":null}},{"type":"Feature","id":140,"geometry":{"type":"Point","coordinates":[28.6789137540046,41.0844832029981,0]},"properties":{"OBJECTID":140,"TUR":"1","KOD":"B2","AD":"Bahçeşehir","IKON_URL":"https://upload.wikimedia.org/wikipedia/commons/c/c8/Istanbul_B2_Line_Symbol.svg","RENK_HEX":"#77787B","BOYUT_PT":2,"PR_DURUM":"1","PR_ACILIS":null,"PR_KURUM":null,"ACILIS":"2024-01-29","TARIH_KAPANIS":null}},{"type":"Feature","id":141,"geometry":{"type":"Point","coordinates":[28.9504441130154,41.0061439729695,0]},"properties":{"OBJECTID":141,"TUR":"2","KOD":"M1","AD":"Yenikapı","IKON_URL":"https://upload.wikimedia.org/wikipedia/commons/0/03/Istanbul_M1_Line_Symbol.svg","RENK_HEX":"#E1251B","BOYUT_PT":2,"PR_DURUM":"1","PR_ACILIS":null,"PR_KURUM":null,"ACILIS":"2014-11-09","TARIH_KAPANIS":null}},{"type":"Feature","id":142,"geometry":{"type":"Point","coordinates":[28.977133488603,41.0150741882996,0]},"properties":{"OBJECTID":142,"TUR":"3","KOD":"T6","AD":"Sirkeci","IKON_URL":"https://upload.wikimedia.org/wikipedia/commons/d/d8/Istanbul_T6_Line_Symbol.svg","RENK_HEX":"#E77C7C","BOYUT_PT":1,"PR_DURUM":"1","PR_ACILIS":null,"PR_KURUM":null,"ACILIS":"2024-02-26","TARIH_KAPANIS":null}},{"type":"Feature","id":143,"geometry":{"type":"Point","coordinates":[28.9825649300845,41.0053394526658,0]},"properties":{"OBJECTID":143,"TUR":"3","KOD":"T6","AD":"Cankurtaran","IKON_URL":"https://upload.wikimedia.org/wikipedia/commons/d/d8/Istanbul_T6_Line_Symbol.svg","RENK_HEX":"#E77C7C","BOYUT_PT":1,"PR_DURUM":"1","PR_ACILIS":null,"PR_KURUM":null,"ACILIS":"2024-02-26","TARIH_KAPANIS":null}},{"type":"Feature","id":144,"geometry":{"type":"Point","coordinates":[28.9631219935011,41.00338351942,0]},"properties":{"OBJECTID":144,"TUR":"3","KOD":"T6","AD":"Kumkapı","IKON_URL":"https://upload.wikimedia.org/wikipedia/commons/d/d8/Istanbul_T6_Line_Symbol.svg","RENK_HEX":"#E77C7C","BOYUT_PT":1,"PR_DURUM":"1","PR_ACILIS":null,"PR_KURUM":null,"ACILIS":"2024-02-26","TARIH_KAPANIS":null}},{"type":"Feature","id":145,"geometry":{"type":"Point","coordinates":[28.940441905926,41.0027761610996,0]},"properties":{"OBJECTID":145,"TUR":"3","KOD":"T6","AD":"Cerrahpaşa","IKON_URL":"https://upload.wikimedia.org/wikipedia/commons/d/d8/Istanbul_T6_Line_Symbol.svg","RENK_HEX":"#E77C7C","BOYUT_PT":1,"PR_DURUM":"1","PR_ACILIS":null,"PR_KURUM":null,"ACILIS":"2024-02-26","TARIH_KAPANIS":null}},{"type":"Feature","id":146,"geometry":{"type":"Point","coordinates":[29.0304348768659,41.0003476731973,0]},"properties":{"OBJECTID":146,"TUR":"2","KOD":"M4","AD":"Ayrılıkçeşmesi","IKON_URL":"https://upload.wikimedia.org/wikipedia/commons/f/f9/Istanbul_M4_Line_Symbol.svg","RENK_HEX":"#E81F76","BOYUT_PT":2,"PR_DURUM":"1","PR_ACILIS":null,"PR_KURUM":null,"ACILIS":"2012-08-17","TARIH_KAPANIS":null}},{"type":"Feature","id":147,"geometry":{"type":"Point","coordinates":[29.0457842239373,41.0853845793644,0]},"properties":{"OBJECTID":147,"TUR":"2","KOD":"M6","AD":"Boğaziçi Üniversitesi-Hisarüstü","IKON_URL":"https://upload.wikimedia.org/wikipedia/commons/3/31/Istanbul_M6_Line_Symbol.svg","RENK_HEX":"#C8A977","BOYUT_PT":2,"PR_DURUM":"1","PR_ACILIS":null,"PR_KURUM":null,"ACILIS":"2015-04-19","TARIH_KAPANIS":null}},{"type":"Feature","id":148,"geometry":{"type":"Point","coordinates":[29.0458749106619,41.0850490515487,0]},"properties":{"OBJECTID":148,"TUR":"4","KOD":"F4","AD":"Boğaziçi Üniversitesi-Hisarüstü","IKON_URL":"https://upload.wikimedia.org/wikipedia/commons/7/78/Istanbul_F4_Line_Symbol.svg","RENK_HEX":"#7A7157","BOYUT_PT":2,"PR_DURUM":"1","PR_ACILIS":null,"PR_KURUM":null,"ACILIS":"2022-10-28","TARIH_KAPANIS":null}},{"type":"Feature","id":149,"geometry":{"type":"Point","coordinates":[28.9480614395221,41.0120107060925,0]},"properties":{"OBJECTID":149,"TUR":"2","KOD":"M1","AD":"Aksaray","IKON_URL":"https://upload.wikimedia.org/wikipedia/commons/0/03/Istanbul_M1_Line_Symbol.svg","RENK_HEX":"#E1251B","BOYUT_PT":2,"PR_DURUM":"1","PR_ACILIS":null,"PR_KURUM":null,"ACILIS":"1989-09-03","TARIH_KAPANIS":null}},{"type":"Feature","id":150,"geometry":{"type":"Point","coordinates":[28.9390062310153,41.01800067317,0]},"properties":{"OBJECTID":150,"TUR":"2","KOD":"M1","AD":"Emniyet-Fatih","IKON_URL":"https://upload.wikimedia.org/wikipedia/commons/0/03/Istanbul_M1_Line_Symbol.svg","RENK_HEX":"#E1251B","BOYUT_PT":2,"PR_DURUM":"1","PR_ACILIS":null,"PR_KURUM":null,"ACILIS":"1989-09-03","TARIH_KAPANIS":null}},{"type":"Feature","id":151,"geometry":{"type":"Point","coordinates":[28.9301352085829,41.0242733332799,0]},"properties":{"OBJECTID":151,"TUR":"2","KOD":"M1","AD":"Topkapı-Ulubatlı","IKON_URL":"https://upload.wikimedia.org/wikipedia/commons/0/03/Istanbul_M1_Line_Symbol.svg","RENK_HEX":"#E1251B","BOYUT_PT":2,"PR_DURUM":"1","PR_ACILIS":null,"PR_KURUM":null,"ACILIS":"1989-09-03","TARIH_KAPANIS":null}},{"type":"Feature","id":152,"geometry":{"type":"Point","coordinates":[28.9202505056242,41.0340613100739,0]},"properties":{"OBJECTID":152,"TUR":"2","KOD":"M1","AD":"Bayrampaşa-Maltepe","IKON_URL":"https://upload.wikimedia.org/wikipedia/commons/0/03/Istanbul_M1_Line_Symbol.svg","RENK_HEX":"#E1251B","BOYUT_PT":2,"PR_DURUM":"1","PR_ACILIS":null,"PR_KURUM":null,"ACILIS":"1989-09-03","TARIH_KAPANIS":null}},{"type":"Feature","id":153,"geometry":{"type":"Point","coordinates":[28.9072552332807,41.0408147019471,0]},"properties":{"OBJECTID":153,"TUR":"2","KOD":"M1","AD":"Sağmalcılar","IKON_URL":"https://upload.wikimedia.org/wikipedia/commons/0/03/Istanbul_M1_Line_Symbol.svg","RENK_HEX":"#E1251B","BOYUT_PT":2,"PR_DURUM":"1","PR_ACILIS":null,"PR_KURUM":null,"ACILIS":"1989-09-03","TARIH_KAPANIS":null}},{"type":"Feature","id":154,"geometry":{"type":"Point","coordinates":[28.8955114803163,41.0484348829681,0]},"properties":{"OBJECTID":154,"TUR":"2","KOD":"M1","AD":"Kocatepe","IKON_URL":"https://upload.wikimedia.org/wikipedia/commons/0/03/Istanbul_M1_Line_Symbol.svg","RENK_HEX":"#E1251B","BOYUT_PT":2,"PR_DURUM":"1","PR_ACILIS":null,"PR_KURUM":null,"ACILIS":"1989-09-03","TARIH_KAPANIS":null}},{"type":"Feature","id":155,"geometry":{"type":"Point","coordinates":[28.8946313307639,41.0403862298938,0]},"properties":{"OBJECTID":155,"TUR":"2","KOD":"M1","AD":"Otogar","IKON_URL":"https://upload.wikimedia.org/wikipedia/commons/0/03/Istanbul_M1_Line_Symbol.svg","RENK_HEX":"#E1251B","BOYUT_PT":2,"PR_DURUM":"1","PR_ACILIS":null,"PR_KURUM":null,"ACILIS":"1989-12-03","TARIH_KAPANIS":null}},{"type":"Feature","id":156,"geometry":{"type":"Point","coordinates":[28.8979852654373,41.0302572749688,0]},"properties":{"OBJECTID":156,"TUR":"2","KOD":"M1A","AD":"Terazidere","IKON_URL":"https://upload.wikimedia.org/wikipedia/commons/e/e2/Istanbul_M1A_Line_Symbol.svg","RENK_HEX":"#E1251B","BOYUT_PT":2,"PR_DURUM":"1","PR_ACILIS":null,"PR_KURUM":null,"ACILIS":"1994-01-31","TARIH_KAPANIS":null}},{"type":"Feature","id":157,"geometry":{"type":"Point","coordinates":[28.9002668676813,41.0204796553891,0]},"properties":{"OBJECTID":157,"TUR":"2","KOD":"M1A","AD":"Davutpaşa-YTÜ","IKON_URL":"https://upload.wikimedia.org/wikipedia/commons/e/e2/Istanbul_M1A_Line_Symbol.svg","RENK_HEX":"#E1251B","BOYUT_PT":2,"PR_DURUM":"1","PR_ACILIS":null,"PR_KURUM":null,"ACILIS":"1994-01-31","TARIH_KAPANIS":null}},{"type":"Feature","id":158,"geometry":{"type":"Point","coordinates":[28.8961786590778,41.0076166892852,0]},"properties":{"OBJECTID":158,"TUR":"2","KOD":"M1A","AD":"Merter","IKON_URL":"https://upload.wikimedia.org/wikipedia/commons/e/e2/Istanbul_M1A_Line_Symbol.svg","RENK_HEX":"#E1251B","BOYUT_PT":2,"PR_DURUM":"1","PR_ACILIS":null,"PR_KURUM":null,"ACILIS":"1994-01-31","TARIH_KAPANIS":null}},{"type":"Feature","id":159,"geometry":{"type":"Point","coordinates":[28.8901217233588,41.0017218469703,0]},"properties":{"OBJECTID":159,"TUR":"2","KOD":"M1A","AD":"Zeytinburnu","IKON_URL":"https://upload.wikimedia.org/wikipedia/commons/e/e2/Istanbul_M1A_Line_Symbol.svg","RENK_HEX":"#E1251B","BOYUT_PT":2,"PR_DURUM":"1","PR_ACILIS":null,"PR_KURUM":null,"ACILIS":"1994-01-31","TARIH_KAPANIS":null}},{"type":"Feature","id":160,"geometry":{"type":"Point","coordinates":[28.8901580224829,41.0014647321099,0]},"properties":{"OBJECTID":160,"TUR":"3","KOD":"T1","AD":"Zeytinburnu","IKON_URL":"https://upload.wikimedia.org/wikipedia/commons/8/84/Istanbul_T1_Line_Symbol.svg","RENK_HEX":"#004987","BOYUT_PT":1,"PR_DURUM":"1","PR_ACILIS":null,"PR_KURUM":null,"ACILIS":"1994-03-10","TARIH_KAPANIS":null}},{"type":"Feature","id":161,"geometry":{"type":"Point","coordinates":[28.7876324645714,40.9728440839582,0]},"properties":{"OBJECTID":161,"TUR":"1","KOD":"B1","AD":"Florya","IKON_URL":"https://upload.wikimedia.org/wikipedia/commons/9/96/Istanbul_B1_Line_Symbol.svg","RENK_HEX":"#65656A","BOYUT_PT":2,"PR_DURUM":"1","PR_ACILIS":null,"PR_KURUM":null,"ACILIS":"2019-03-12","TARIH_KAPANIS":null}},{"type":"Feature","id":162,"geometry":{"type":"Point","coordinates":[28.766776575064,41.0188972661913,0]},"properties":{"OBJECTID":162,"TUR":"1","KOD":"B2","AD":"Halkalı","IKON_URL":"https://upload.wikimedia.org/wikipedia/commons/c/c8/Istanbul_B2_Line_Symbol.svg","RENK_HEX":"#77787B","BOYUT_PT":2,"PR_DURUM":"1","PR_ACILIS":null,"PR_KURUM":null,"ACILIS":"2022-05-23","TARIH_KAPANIS":null}},{"type":"Feature","id":163,"geometry":{"type":"Point","coordinates":[28.974011097389,41.0228828539168,0]},"properties":{"OBJECTID":163,"TUR":"4","KOD":"F2","AD":"Karaköy","IKON_URL":"https://upload.wikimedia.org/wikipedia/commons/5/51/Istanbul_F2_Line_Symbol.svg","RENK_HEX":"#7A7157","BOYUT_PT":2,"PR_DURUM":"1","PR_ACILIS":null,"PR_KURUM":null,"ACILIS":"1875-01-17","TARIH_KAPANIS":null}},{"type":"Feature","id":164,"geometry":{"type":"Point","coordinates":[28.9740982905654,41.0280901705091,0]},"properties":{"OBJECTID":164,"TUR":"4","KOD":"F2","AD":"Beyoğlu","IKON_URL":"https://upload.wikimedia.org/wikipedia/commons/5/51/Istanbul_F2_Line_Symbol.svg","RENK_HEX":"#7A7157","BOYUT_PT":2,"PR_DURUM":"1","PR_ACILIS":null,"PR_KURUM":null,"ACILIS":"1875-01-17","TARIH_KAPANIS":null}},{"type":"Feature","id":165,"geometry":{"type":"Point","coordinates":[28.974780826925,41.0288005915717,0]},"properties":{"OBJECTID":165,"TUR":"3","KOD":"T2","AD":"Tünel","IKON_URL":"https://upload.wikimedia.org/wikipedia/commons/d/d0/Istanbul_T2_Line_Symbol.svg","RENK_HEX":"#90ABA0","BOYUT_PT":1,"PR_DURUM":"1","PR_ACILIS":null,"PR_KURUM":null,"ACILIS":"1990-12-29","TARIH_KAPANIS":null}},{"type":"Feature","id":166,"geometry":{"type":"Point","coordinates":[28.9848437798905,41.0365543149008,0]},"properties":{"OBJECTID":166,"TUR":"3","KOD":"T2","AD":"Taksim","IKON_URL":"https://upload.wikimedia.org/wikipedia/commons/d/d0/Istanbul_T2_Line_Symbol.svg","RENK_HEX":"#90ABA0","BOYUT_PT":1,"PR_DURUM":"1","PR_ACILIS":null,"PR_KURUM":null,"ACILIS":"1990-12-29","TARIH_KAPANIS":null}},{"type":"Feature","id":167,"geometry":{"type":"Point","coordinates":[28.8884847395863,41.0375025106404,0]},"properties":{"OBJECTID":167,"TUR":"2","KOD":"M1B","AD":"Esenler","IKON_URL":"https://upload.wikimedia.org/wikipedia/commons/6/62/Istanbul_M1B_Line_Symbol.svg","RENK_HEX":"#E1251B","BOYUT_PT":2,"PR_DURUM":"1","PR_ACILIS":null,"PR_KURUM":null,"ACILIS":"1989-12-03","TARIH_KAPANIS":null}},{"type":"Feature","id":168,"geometry":{"type":"Point","coordinates":[28.878659874307,41.0428142060565,0]},"properties":{"OBJECTID":168,"TUR":"2","KOD":"M1B","AD":"Menderes","IKON_URL":"https://upload.wikimedia.org/wikipedia/commons/6/62/Istanbul_M1B_Line_Symbol.svg","RENK_HEX":"#E1251B","BOYUT_PT":2,"PR_DURUM":"1","PR_ACILIS":null,"PR_KURUM":null,"ACILIS":"2013-06-14","TARIH_KAPANIS":null}},{"type":"Feature","id":169,"geometry":{"type":"Point","coordinates":[28.8706596742194,41.0367118220986,0]},"properties":{"OBJECTID":169,"TUR":"2","KOD":"M1B","AD":"Üçyüzlü","IKON_URL":"https://upload.wikimedia.org/wikipedia/commons/6/62/Istanbul_M1B_Line_Symbol.svg","RENK_HEX":"#E1251B","BOYUT_PT":2,"PR_DURUM":"1","PR_ACILIS":null,"PR_KURUM":null,"ACILIS":"2013-06-14","TARIH_KAPANIS":null}},{"type":"Feature","id":170,"geometry":{"type":"Point","coordinates":[28.8567606940051,41.0345947501202,0]},"properties":{"OBJECTID":170,"TUR":"2","KOD":"M1B","AD":"Bağcılar Meydan","IKON_URL":"https://upload.wikimedia.org/wikipedia/commons/6/62/Istanbul_M1B_Line_Symbol.svg","RENK_HEX":"#E1251B","BOYUT_PT":2,"PR_DURUM":"1","PR_ACILIS":null,"PR_KURUM":null,"ACILIS":"2013-06-14","TARIH_KAPANIS":null}},{"type":"Feature","id":171,"geometry":{"type":"Point","coordinates":[28.842317250287,41.0320975456299,0]},"properties":{"OBJECTID":171,"TUR":"2","KOD":"M1B","AD":"Kirazlı","IKON_URL":"https://upload.wikimedia.org/wikipedia/commons/6/62/Istanbul_M1B_Line_Symbol.svg","RENK_HEX":"#E1251B","BOYUT_PT":2,"PR_DURUM":"1","PR_ACILIS":null,"PR_KURUM":null,"ACILIS":"2013-06-14","TARIH_KAPANIS":null}},{"type":"Feature","id":172,"geometry":{"type":"Point","coordinates":[28.8428684700201,41.0321000874458,0]},"properties":{"OBJECTID":172,"TUR":"2","KOD":"M3","AD":"Kirazlı","IKON_URL":"https://upload.wikimedia.org/wikipedia/commons/e/e8/Istanbul_M3_Line_Symbol.svg","RENK_HEX":"#00A7E1","BOYUT_PT":2,"PR_DURUM":"1","PR_ACILIS":null,"PR_KURUM":null,"ACILIS":"2013-06-14","TARIH_KAPANIS":null}},{"type":"Feature","id":173,"geometry":{"type":"Point","coordinates":[28.8365969321696,41.0234828301344,0]},"properties":{"OBJECTID":173,"TUR":"2","KOD":"M1B","AD":"Barbaros","IKON_URL":"https://upload.wikimedia.org/wikipedia/commons/6/62/Istanbul_M1B_Line_Symbol.svg","RENK_HEX":"#E1251B","BOYUT_PT":2,"PR_DURUM":"3","PR_ACILIS":null,"PR_KURUM":"İBB","ACILIS":null,"TARIH_KAPANIS":null}},{"type":"Feature","id":174,"geometry":{"type":"Point","coordinates":[28.8282130670141,41.0221198557352,0]},"properties":{"OBJECTID":174,"TUR":"2","KOD":"M1B","AD":"Malazgirt","IKON_URL":"https://upload.wikimedia.org/wikipedia/commons/6/62/Istanbul_M1B_Line_Symbol.svg","RENK_HEX":"#E1251B","BOYUT_PT":2,"PR_DURUM":"3","PR_ACILIS":null,"PR_KURUM":"İBB","ACILIS":null,"TARIH_KAPANIS":null}},{"type":"Feature","id":175,"geometry":{"type":"Point","coordinates":[28.8168614457392,41.0248665725787,0]},"properties":{"OBJECTID":175,"TUR":"2","KOD":"M1B","AD":"Mimar Sinan","IKON_URL":"https://upload.wikimedia.org/wikipedia/commons/6/62/Istanbul_M1B_Line_Symbol.svg","RENK_HEX":"#E1251B","BOYUT_PT":2,"PR_DURUM":"3","PR_ACILIS":null,"PR_KURUM":"İBB","ACILIS":null,"TARIH_KAPANIS":null}},{"type":"Feature","id":176,"geometry":{"type":"Point","coordinates":[28.8164804307013,41.0254361308977,0]},"properties":{"OBJECTID":176,"TUR":"2","KOD":"M9","AD":"Mimar Sinan","IKON_URL":"https://upload.wikimedia.org/wikipedia/commons/d/db/Istanbul_M9_Line_Symbol.svg","RENK_HEX":"#FFD300","BOYUT_PT":2,"PR_DURUM":"1","PR_ACILIS":null,"PR_KURUM":null,"ACILIS":"2024-08-30","TARIH_KAPANIS":null}},{"type":"Feature","id":177,"geometry":{"type":"Point","coordinates":[28.8027744607123,41.0284865764617,0]},"properties":{"OBJECTID":177,"TUR":"2","KOD":"M1B","AD":"Fatih","IKON_URL":"https://upload.wikimedia.org/wikipedia/commons/6/62/Istanbul_M1B_Line_Symbol.svg","RENK_HEX":"#E1251B","BOYUT_PT":2,"PR_DURUM":"3","PR_ACILIS":null,"PR_KURUM":"İBB","ACILIS":null,"TARIH_KAPANIS":null}},{"type":"Feature","id":178,"geometry":{"type":"Point","coordinates":[28.7895963749203,41.0347115485011,0]},"properties":{"OBJECTID":178,"TUR":"2","KOD":"M1B","AD":"Halkalı-Üniversite","IKON_URL":"https://upload.wikimedia.org/wikipedia/commons/6/62/Istanbul_M1B_Line_Symbol.svg","RENK_HEX":"#E1251B","BOYUT_PT":2,"PR_DURUM":"3","PR_ACILIS":null,"PR_KURUM":"İBB","ACILIS":null,"TARIH_KAPANIS":null}},{"type":"Feature","id":179,"geometry":{"type":"Point","coordinates":[28.7800349666492,41.0338965365314,0]},"properties":{"OBJECTID":179,"TUR":"2","KOD":"M1B","AD":"Mehmet Akif Ersoy","IKON_URL":"https://upload.wikimedia.org/wikipedia/commons/6/62/Istanbul_M1B_Line_Symbol.svg","RENK_HEX":"#E1251B","BOYUT_PT":2,"PR_DURUM":"5","PR_ACILIS":null,"PR_KURUM":null,"ACILIS":null,"TARIH_KAPANIS":null}},{"type":"Feature","id":180,"geometry":{"type":"Point","coordinates":[28.8210845624337,40.9796928593288,0]},"properties":{"OBJECTID":180,"TUR":"2","KOD":"M1A","AD":"Atatürk Havalimanı","IKON_URL":"https://upload.wikimedia.org/wikipedia/commons/e/e2/Istanbul_M1A_Line_Symbol.svg","RENK_HEX":"#E1251B","BOYUT_PT":2,"PR_DURUM":"1","PR_ACILIS":null,"PR_KURUM":null,"ACILIS":"2002-12-20","TARIH_KAPANIS":null}},{"type":"Feature","id":181,"geometry":{"type":"Point","coordinates":[28.875859114999,40.9966153102506,0]},"properties":{"OBJECTID":181,"TUR":"2","KOD":"M1A","AD":"Bakırköy-İncirli","IKON_URL":"https://upload.wikimedia.org/wikipedia/commons/e/e2/Istanbul_M1A_Line_Symbol.svg","RENK_HEX":"#E1251B","BOYUT_PT":2,"PR_DURUM":"1","PR_ACILIS":null,"PR_KURUM":null,"ACILIS":"1994-03-07","TARIH_KAPANIS":null}},{"type":"Feature","id":182,"geometry":{"type":"Point","coordinates":[28.8748626003797,40.9978995839779,0]},"properties":{"OBJECTID":182,"TUR":"2","KOD":"M3","AD":"Bakırköy-İncirli","IKON_URL":"https://upload.wikimedia.org/wikipedia/commons/e/e8/Istanbul_M3_Line_Symbol.svg","RENK_HEX":"#00A7E1","BOYUT_PT":2,"PR_DURUM":"1","PR_ACILIS":null,"PR_KURUM":null,"ACILIS":"2024-03-10","TARIH_KAPANIS":null}},{"type":"Feature","id":183,"geometry":{"type":"Point","coordinates":[29.0474701596047,41.0217875246187,0]},"properties":{"OBJECTID":183,"TUR":"2","KOD":"M5","AD":"Altunizade","IKON_URL":"https://upload.wikimedia.org/wikipedia/commons/b/bd/Istanbul_M5_Line_Symbol.svg","RENK_HEX":"#673065","BOYUT_PT":2,"PR_DURUM":"1","PR_ACILIS":null,"PR_KURUM":null,"ACILIS":"2017-12-15","TARIH_KAPANIS":null}},{"type":"Feature","id":184,"geometry":{"type":"Point","coordinates":[29.0473066338836,41.0222315688099,0]},"properties":{"OBJECTID":184,"TUR":"2","KOD":"M14","AD":"Altunizade","IKON_URL":"https://upload.wikimedia.org/wikipedia/commons/1/19/Istanbul_M14_Line_Symbol.svg","RENK_HEX":"#B16400","BOYUT_PT":2,"PR_DURUM":"3","PR_ACILIS":null,"PR_KURUM":"UAB","ACILIS":null,"TARIH_KAPANIS":null}},{"type":"Feature","id":185,"geometry":{"type":"Point","coordinates":[29.0443872547373,41.0023398424435,0]},"properties":{"OBJECTID":185,"TUR":"2","KOD":"M4","AD":"Acıbadem","IKON_URL":"https://upload.wikimedia.org/wikipedia/commons/f/f9/Istanbul_M4_Line_Symbol.svg","RENK_HEX":"#E81F76","BOYUT_PT":2,"PR_DURUM":"1","PR_ACILIS":null,"PR_KURUM":null,"ACILIS":"2012-08-17","TARIH_KAPANIS":null}},{"type":"Feature","id":186,"geometry":{"type":"Point","coordinates":[29.0578212220447,40.9990544470254,0]},"properties":{"OBJECTID":186,"TUR":"2","KOD":"M4","AD":"Ünalan","IKON_URL":"https://upload.wikimedia.org/wikipedia/commons/f/f9/Istanbul_M4_Line_Symbol.svg","RENK_HEX":"#E81F76","BOYUT_PT":2,"PR_DURUM":"1","PR_ACILIS":null,"PR_KURUM":null,"ACILIS":"2012-08-17","TARIH_KAPANIS":null}},{"type":"Feature","id":187,"geometry":{"type":"Point","coordinates":[29.0716221619256,40.9936853538897,0]},"properties":{"OBJECTID":187,"TUR":"2","KOD":"M4","AD":"Göztepe","IKON_URL":"https://upload.wikimedia.org/wikipedia/commons/f/f9/Istanbul_M4_Line_Symbol.svg","RENK_HEX":"#E81F76","BOYUT_PT":2,"PR_DURUM":"1","PR_ACILIS":null,"PR_KURUM":null,"ACILIS":"2012-08-17","TARIH_KAPANIS":null}},{"type":"Feature","id":188,"geometry":{"type":"Point","coordinates":[29.0227303868984,40.9909176358891,0]},"properties":{"OBJECTID":188,"TUR":"2","KOD":"M4","AD":"Kadıköy","IKON_URL":"https://upload.wikimedia.org/wikipedia/commons/f/f9/Istanbul_M4_Line_Symbol.svg","RENK_HEX":"#E81F76","BOYUT_PT":2,"PR_DURUM":"1","PR_ACILIS":null,"PR_KURUM":null,"ACILIS":"2012-08-17","TARIH_KAPANIS":null}},{"type":"Feature","id":189,"geometry":{"type":"Point","coordinates":[29.0922510902797,40.9849616951685,0]},"properties":{"OBJECTID":189,"TUR":"2","KOD":"M12","AD":"Yenisahra","IKON_URL":"https://upload.wikimedia.org/wikipedia/commons/d/d4/Istanbul_M12_Line_Symbol.svg","RENK_HEX":"#C9D200","BOYUT_PT":2,"PR_DURUM":"3","PR_ACILIS":null,"PR_KURUM":"İBB","ACILIS":null,"TARIH_KAPANIS":null}},{"type":"Feature","id":190,"geometry":{"type":"Point","coordinates":[29.0901889060354,40.9848760144219,0]},"properties":{"OBJECTID":190,"TUR":"2","KOD":"M4","AD":"Yenisahra","IKON_URL":"https://upload.wikimedia.org/wikipedia/commons/f/f9/Istanbul_M4_Line_Symbol.svg","RENK_HEX":"#E81F76","BOYUT_PT":2,"PR_DURUM":"1","PR_ACILIS":null,"PR_KURUM":null,"ACILIS":"2012-08-17","TARIH_KAPANIS":null}},{"type":"Feature","id":191,"geometry":{"type":"Point","coordinates":[29.100413977062,40.9776535729515,0]},"properties":{"OBJECTID":191,"TUR":"2","KOD":"M8","AD":"Kozyatağı","IKON_URL":"https://upload.wikimedia.org/wikipedia/commons/d/d2/Istanbul_M8_Line_Symbol.svg","RENK_HEX":"#447ABE","BOYUT_PT":2,"PR_DURUM":"1","PR_ACILIS":null,"PR_KURUM":null,"ACILIS":"2023-01-06","TARIH_KAPANIS":null}},{"type":"Feature","id":192,"geometry":{"type":"Point","coordinates":[29.0994453659119,40.9761863399135,0]},"properties":{"OBJECTID":192,"TUR":"2","KOD":"M4","AD":"Kozyatağı","IKON_URL":"https://upload.wikimedia.org/wikipedia/commons/f/f9/Istanbul_M4_Line_Symbol.svg","RENK_HEX":"#E81F76","BOYUT_PT":2,"PR_DURUM":"1","PR_ACILIS":null,"PR_KURUM":null,"ACILIS":"2012-08-17","TARIH_KAPANIS":null}},{"type":"Feature","id":193,"geometry":{"type":"Point","coordinates":[29.1052760752996,40.9647155021272,0]},"properties":{"OBJECTID":193,"TUR":"2","KOD":"M4","AD":"Bostancı","IKON_URL":"https://upload.wikimedia.org/wikipedia/commons/f/f9/Istanbul_M4_Line_Symbol.svg","RENK_HEX":"#E81F76","BOYUT_PT":2,"PR_DURUM":"1","PR_ACILIS":null,"PR_KURUM":null,"ACILIS":"2012-08-17","TARIH_KAPANIS":null}},{"type":"Feature","id":194,"geometry":{"type":"Point","coordinates":[29.1222768780028,40.9487292743828,0]},"properties":{"OBJECTID":194,"TUR":"2","KOD":"M4","AD":"Küçükyalı","IKON_URL":"https://upload.wikimedia.org/wikipedia/commons/f/f9/Istanbul_M4_Line_Symbol.svg","RENK_HEX":"#E81F76","BOYUT_PT":2,"PR_DURUM":"1","PR_ACILIS":null,"PR_KURUM":null,"ACILIS":"2012-08-17","TARIH_KAPANIS":null}},{"type":"Feature","id":195,"geometry":{"type":"Point","coordinates":[29.1391007646974,40.9362269185369,0]},"properties":{"OBJECTID":195,"TUR":"2","KOD":"M4","AD":"Maltepe","IKON_URL":"https://upload.wikimedia.org/wikipedia/commons/f/f9/Istanbul_M4_Line_Symbol.svg","RENK_HEX":"#E81F76","BOYUT_PT":2,"PR_DURUM":"1","PR_ACILIS":null,"PR_KURUM":null,"ACILIS":"2012-08-17","TARIH_KAPANIS":null}},{"type":"Feature","id":196,"geometry":{"type":"Point","coordinates":[29.1463450693043,40.9304452398528,0]},"properties":{"OBJECTID":196,"TUR":"2","KOD":"M4","AD":"Huzurevi","IKON_URL":"https://upload.wikimedia.org/wikipedia/commons/f/f9/Istanbul_M4_Line_Symbol.svg","RENK_HEX":"#E81F76","BOYUT_PT":2,"PR_DURUM":"1","PR_ACILIS":null,"PR_KURUM":null,"ACILIS":"2012-08-17","TARIH_KAPANIS":null}},{"type":"Feature","id":197,"geometry":{"type":"Point","coordinates":[29.155195708963,40.9236132835646,0]},"properties":{"OBJECTID":197,"TUR":"2","KOD":"M4","AD":"Gülsuyu","IKON_URL":"https://upload.wikimedia.org/wikipedia/commons/f/f9/Istanbul_M4_Line_Symbol.svg","RENK_HEX":"#E81F76","BOYUT_PT":2,"PR_DURUM":"1","PR_ACILIS":null,"PR_KURUM":null,"ACILIS":"2012-08-17","TARIH_KAPANIS":null}},{"type":"Feature","id":198,"geometry":{"type":"Point","coordinates":[29.1665904358968,40.9208637814895,0]},"properties":{"OBJECTID":198,"TUR":"2","KOD":"M4","AD":"Esenkent","IKON_URL":"https://upload.wikimedia.org/wikipedia/commons/f/f9/Istanbul_M4_Line_Symbol.svg","RENK_HEX":"#E81F76","BOYUT_PT":2,"PR_DURUM":"1","PR_ACILIS":null,"PR_KURUM":null,"ACILIS":"2012-08-17","TARIH_KAPANIS":null}},{"type":"Feature","id":199,"geometry":{"type":"Point","coordinates":[29.1791999186568,40.9160495081732,0]},"properties":{"OBJECTID":199,"TUR":"2","KOD":"M4","AD":"Hastane-Adliye","IKON_URL":"https://upload.wikimedia.org/wikipedia/commons/f/f9/Istanbul_M4_Line_Symbol.svg","RENK_HEX":"#E81F76","BOYUT_PT":2,"PR_DURUM":"1","PR_ACILIS":null,"PR_KURUM":null,"ACILIS":"2012-08-17","TARIH_KAPANIS":null}},{"type":"Feature","id":200,"geometry":{"type":"Point","coordinates":[29.1924373732076,40.9132961919408,0]},"properties":{"OBJECTID":200,"TUR":"2","KOD":"M4","AD":"Soğanlık","IKON_URL":"https://upload.wikimedia.org/wikipedia/commons/f/f9/Istanbul_M4_Line_Symbol.svg","RENK_HEX":"#E81F76","BOYUT_PT":2,"PR_DURUM":"1","PR_ACILIS":null,"PR_KURUM":null,"ACILIS":"2012-08-17","TARIH_KAPANIS":null}},{"type":"Feature","id":201,"geometry":{"type":"Point","coordinates":[29.2114521215227,40.9066048319604,0]},"properties":{"OBJECTID":201,"TUR":"2","KOD":"M4","AD":"Kartal","IKON_URL":"https://upload.wikimedia.org/wikipedia/commons/f/f9/Istanbul_M4_Line_Symbol.svg","RENK_HEX":"#E81F76","BOYUT_PT":2,"PR_DURUM":"1","PR_ACILIS":null,"PR_KURUM":null,"ACILIS":"2012-08-17","TARIH_KAPANIS":null}},{"type":"Feature","id":202,"geometry":{"type":"Point","coordinates":[29.2274233354344,40.89667718886,0]},"properties":{"OBJECTID":202,"TUR":"2","KOD":"M4","AD":"Yakacık-Adnan Kahveci","IKON_URL":"https://upload.wikimedia.org/wikipedia/commons/f/f9/Istanbul_M4_Line_Symbol.svg","RENK_HEX":"#E81F76","BOYUT_PT":2,"PR_DURUM":"1","PR_ACILIS":null,"PR_KURUM":null,"ACILIS":"2016-10-10","TARIH_KAPANIS":null}},{"type":"Feature","id":203,"geometry":{"type":"Point","coordinates":[29.238613436028,40.8887453972458,0]},"properties":{"OBJECTID":203,"TUR":"2","KOD":"M4","AD":"Pendik","IKON_URL":"https://upload.wikimedia.org/wikipedia/commons/f/f9/Istanbul_M4_Line_Symbol.svg","RENK_HEX":"#E81F76","BOYUT_PT":2,"PR_DURUM":"1","PR_ACILIS":null,"PR_KURUM":null,"ACILIS":"2016-10-10","TARIH_KAPANIS":null}},{"type":"Feature","id":204,"geometry":{"type":"Point","coordinates":[29.2488929135197,40.8821284457593,0]},"properties":{"OBJECTID":204,"TUR":"2","KOD":"M4","AD":"Tavşantepe","IKON_URL":"https://upload.wikimedia.org/wikipedia/commons/f/f9/Istanbul_M4_Line_Symbol.svg","RENK_HEX":"#E81F76","BOYUT_PT":2,"PR_DURUM":"1","PR_ACILIS":null,"PR_KURUM":null,"ACILIS":"2016-10-10","TARIH_KAPANIS":null}},{"type":"Feature","id":205,"geometry":{"type":"Point","coordinates":[29.262607543268,40.889132121556,0]},"properties":{"OBJECTID":205,"TUR":"2","KOD":"M4-M10","AD":"Fevzi Çakmak-Hastane","IKON_URL":null,"RENK_HEX":"#E81F76","BOYUT_PT":2,"PR_DURUM":"1","PR_ACILIS":null,"PR_KURUM":null,"ACILIS":"2022-10-02","TARIH_KAPANIS":null}},{"type":"Feature","id":206,"geometry":{"type":"Point","coordinates":[29.2970797832383,40.9099270203496,0]},"properties":{"OBJECTID":206,"TUR":"2","KOD":"M4-M10","AD":"Kurtköy","IKON_URL":null,"RENK_HEX":"#E81F76","BOYUT_PT":2,"PR_DURUM":"1","PR_ACILIS":null,"PR_KURUM":null,"ACILIS":"2022-10-02","TARIH_KAPANIS":null}},{"type":"Feature","id":207,"geometry":{"type":"Point","coordinates":[29.2756604416387,40.9040083886126,0]},"properties":{"OBJECTID":207,"TUR":"2","KOD":"M4-M10","AD":"Yayalar-Şeyhli","IKON_URL":null,"RENK_HEX":"#E81F76","BOYUT_PT":2,"PR_DURUM":"1","PR_ACILIS":null,"PR_KURUM":null,"ACILIS":"2022-10-02","TARIH_KAPANIS":null}},{"type":"Feature","id":208,"geometry":{"type":"Point","coordinates":[29.3120169688844,40.9069174743514,0]},"properties":{"OBJECTID":208,"TUR":"2","KOD":"M4-M10","AD":"Sabiha Gökçen Havalimanı","IKON_URL":null,"RENK_HEX":"#E81F76","BOYUT_PT":2,"PR_DURUM":"1","PR_ACILIS":null,"PR_KURUM":null,"ACILIS":"2022-10-02","TARIH_KAPANIS":null}},{"type":"Feature","id":209,"geometry":{"type":"Point","coordinates":[29.2610796500052,40.8788521960565,0]},"properties":{"OBJECTID":209,"TUR":"2","KOD":"M4","AD":"Kaynarca Merkez","IKON_URL":"https://upload.wikimedia.org/wikipedia/commons/f/f9/Istanbul_M4_Line_Symbol.svg","RENK_HEX":"#E81F76","BOYUT_PT":2,"PR_DURUM":"3","PR_ACILIS":null,"PR_KURUM":"İBB","ACILIS":null,"TARIH_KAPANIS":null}},{"type":"Feature","id":210,"geometry":{"type":"Point","coordinates":[29.2608441036529,40.8794390908346,0]},"properties":{"OBJECTID":210,"TUR":"2","KOD":"M10","AD":"Kaynarca Merkez","IKON_URL":"https://upload.wikimedia.org/wikipedia/commons/1/1d/Istanbul_M10_Line_Symbol.svg","RENK_HEX":"#4DA93E","BOYUT_PT":2,"PR_DURUM":"3","PR_ACILIS":null,"PR_KURUM":"İBB","ACILIS":null,"TARIH_KAPANIS":null}},{"type":"Feature","id":215,"geometry":{"type":"Point","coordinates":[29.3035484393099,40.8451826565184,0]},"properties":{"OBJECTID":215,"TUR":"2","KOD":"M4","AD":"İçmeler-Tuzla Belediyesi","IKON_URL":"https://upload.wikimedia.org/wikipedia/commons/f/f9/Istanbul_M4_Line_Symbol.svg","RENK_HEX":"#E81F76","BOYUT_PT":2,"PR_DURUM":"5","PR_ACILIS":null,"PR_KURUM":null,"ACILIS":null,"TARIH_KAPANIS":null}},{"type":"Feature","id":216,"geometry":{"type":"Point","coordinates":[28.9598691372634,41.0124755539984,0]},"properties":{"OBJECTID":216,"TUR":"2","KOD":"M2","AD":"Vezneciler-İÜ","IKON_URL":"https://upload.wikimedia.org/wikipedia/commons/3/3a/Istanbul_M2_Line_Symbol.svg","RENK_HEX":"#009845","BOYUT_PT":2,"PR_DURUM":"1","PR_ACILIS":null,"PR_KURUM":null,"ACILIS":"2014-03-16","TARIH_KAPANIS":null}},{"type":"Feature","id":217,"geometry":{"type":"Point","coordinates":[28.9667662052838,41.0227630240619,0]},"properties":{"OBJECTID":217,"TUR":"2","KOD":"M2","AD":"Haliç","IKON_URL":"https://upload.wikimedia.org/wikipedia/commons/3/3a/Istanbul_M2_Line_Symbol.svg","RENK_HEX":"#009845","BOYUT_PT":2,"PR_DURUM":"1","PR_ACILIS":null,"PR_KURUM":null,"ACILIS":"2014-03-16","TARIH_KAPANIS":null}},{"type":"Feature","id":218,"geometry":{"type":"Point","coordinates":[28.9722768880549,41.0278120494609,0]},"properties":{"OBJECTID":218,"TUR":"2","KOD":"M2","AD":"Şişhane-Zemin İstanbul","IKON_URL":"https://upload.wikimedia.org/wikipedia/commons/3/3a/Istanbul_M2_Line_Symbol.svg","RENK_HEX":"#009845","BOYUT_PT":2,"PR_DURUM":"1","PR_ACILIS":null,"PR_KURUM":null,"ACILIS":"2009-01-30","TARIH_KAPANIS":null}},{"type":"Feature","id":219,"geometry":{"type":"Point","coordinates":[28.9861521545423,41.0370500298108,0]},"properties":{"OBJECTID":219,"TUR":"4","KOD":"F1","AD":"Taksim","IKON_URL":"https://upload.wikimedia.org/wikipedia/commons/7/70/Istanbul_F1_Line_Symbol.svg","RENK_HEX":"#7A7157","BOYUT_PT":2,"PR_DURUM":"1","PR_ACILIS":null,"PR_KURUM":null,"ACILIS":"2006-06-29","TARIH_KAPANIS":null}},{"type":"Feature","id":220,"geometry":{"type":"Point","coordinates":[28.9919980903741,41.0339993846897,0]},"properties":{"OBJECTID":220,"TUR":"4","KOD":"F1","AD":"Kabataş","IKON_URL":"https://upload.wikimedia.org/wikipedia/commons/7/70/Istanbul_F1_Line_Symbol.svg","RENK_HEX":"#7A7157","BOYUT_PT":2,"PR_DURUM":"1","PR_ACILIS":null,"PR_KURUM":null,"ACILIS":"2006-06-29","TARIH_KAPANIS":null}},{"type":"Feature","id":221,"geometry":{"type":"Point","coordinates":[28.9854133971207,41.0374355330546,0]},"properties":{"OBJECTID":221,"TUR":"2","KOD":"M2","AD":"Taksim","IKON_URL":"https://upload.wikimedia.org/wikipedia/commons/3/3a/Istanbul_M2_Line_Symbol.svg","RENK_HEX":"#009845","BOYUT_PT":2,"PR_DURUM":"1","PR_ACILIS":null,"PR_KURUM":null,"ACILIS":"2000-09-16","TARIH_KAPANIS":null}},{"type":"Feature","id":222,"geometry":{"type":"Point","coordinates":[28.9872605489405,41.0536736117077,0]},"properties":{"OBJECTID":222,"TUR":"2","KOD":"M2","AD":"Osmanbey","IKON_URL":"https://upload.wikimedia.org/wikipedia/commons/3/3a/Istanbul_M2_Line_Symbol.svg","RENK_HEX":"#009845","BOYUT_PT":2,"PR_DURUM":"1","PR_ACILIS":null,"PR_KURUM":null,"ACILIS":"2000-09-16","TARIH_KAPANIS":null}},{"type":"Feature","id":223,"geometry":{"type":"Point","coordinates":[28.9951864439811,41.0662111967056,0]},"properties":{"OBJECTID":223,"TUR":"2","KOD":"M2","AD":"Şişli-Mecidiyeköy","IKON_URL":"https://upload.wikimedia.org/wikipedia/commons/3/3a/Istanbul_M2_Line_Symbol.svg","RENK_HEX":"#009845","BOYUT_PT":2,"PR_DURUM":"1","PR_ACILIS":null,"PR_KURUM":null,"ACILIS":"2000-09-16","TARIH_KAPANIS":null}},{"type":"Feature","id":224,"geometry":{"type":"Point","coordinates":[28.9954379695657,41.0652275342177,0]},"properties":{"OBJECTID":224,"TUR":"2","KOD":"M7","AD":"Mecidiyeköy","IKON_URL":"https://upload.wikimedia.org/wikipedia/commons/6/6d/Istanbul_M7_Line_Symbol.svg","RENK_HEX":"#F29EBF","BOYUT_PT":2,"PR_DURUM":"1","PR_ACILIS":null,"PR_KURUM":null,"ACILIS":"2020-10-28","TARIH_KAPANIS":null}},{"type":"Feature","id":225,"geometry":{"type":"Point","coordinates":[29.0110039426729,41.0690413486109,0]},"properties":{"OBJECTID":225,"TUR":"2","KOD":"M2","AD":"Gayrettepe","IKON_URL":"https://upload.wikimedia.org/wikipedia/commons/3/3a/Istanbul_M2_Line_Symbol.svg","RENK_HEX":"#009845","BOYUT_PT":2,"PR_DURUM":"1","PR_ACILIS":null,"PR_KURUM":null,"ACILIS":"2000-09-16","TARIH_KAPANIS":null}},{"type":"Feature","id":226,"geometry":{"type":"Point","coordinates":[29.0150427699869,41.0757026035608,0]},"properties":{"OBJECTID":226,"TUR":"2","KOD":"M6","AD":"Levent","IKON_URL":"https://upload.wikimedia.org/wikipedia/commons/3/31/Istanbul_M6_Line_Symbol.svg","RENK_HEX":"#C8A977","BOYUT_PT":2,"PR_DURUM":"1","PR_ACILIS":null,"PR_KURUM":null,"ACILIS":"2015-04-19","TARIH_KAPANIS":null}},{"type":"Feature","id":227,"geometry":{"type":"Point","coordinates":[29.0142604909864,41.0759053756459,0]},"properties":{"OBJECTID":227,"TUR":"2","KOD":"M2","AD":"Levent","IKON_URL":"https://upload.wikimedia.org/wikipedia/commons/3/3a/Istanbul_M2_Line_Symbol.svg","RENK_HEX":"#009845","BOYUT_PT":2,"PR_DURUM":"1","PR_ACILIS":null,"PR_KURUM":null,"ACILIS":"2000-09-16","TARIH_KAPANIS":null}},{"type":"Feature","id":228,"geometry":{"type":"Point","coordinates":[29.0541593161458,41.0812636105627,0]},"properties":{"OBJECTID":228,"TUR":"4","KOD":"F4","AD":"Aşiyan","IKON_URL":"https://upload.wikimedia.org/wikipedia/commons/7/78/Istanbul_F4_Line_Symbol.svg","RENK_HEX":"#7A7157","BOYUT_PT":2,"PR_DURUM":"1","PR_ACILIS":null,"PR_KURUM":null,"ACILIS":"2022-10-28","TARIH_KAPANIS":null}},{"type":"Feature","id":229,"geometry":{"type":"Point","coordinates":[28.9957810271895,41.1011721181995,0]},"properties":{"OBJECTID":229,"TUR":"2","KOD":"M2","AD":"Seyrantepe","IKON_URL":"https://upload.wikimedia.org/wikipedia/commons/3/3a/Istanbul_M2_Line_Symbol.svg","RENK_HEX":"#009845","BOYUT_PT":2,"PR_DURUM":"1","PR_ACILIS":null,"PR_KURUM":null,"ACILIS":"2010-11-11","TARIH_KAPANIS":null}},{"type":"Feature","id":230,"geometry":{"type":"Point","coordinates":[29.0074156132873,41.0852553982706,0]},"properties":{"OBJECTID":230,"TUR":"2","KOD":"M2","AD":"4. Levent","IKON_URL":"https://upload.wikimedia.org/wikipedia/commons/3/3a/Istanbul_M2_Line_Symbol.svg","RENK_HEX":"#009845","BOYUT_PT":2,"PR_DURUM":"1","PR_ACILIS":null,"PR_KURUM":null,"ACILIS":"2000-10-31","TARIH_KAPANIS":null}},{"type":"Feature","id":231,"geometry":{"type":"Point","coordinates":[29.0051296470276,41.0941851971813,0]},"properties":{"OBJECTID":231,"TUR":"2","KOD":"M2","AD":"Sanayi Mahallesi","IKON_URL":"https://upload.wikimedia.org/wikipedia/commons/3/3a/Istanbul_M2_Line_Symbol.svg","RENK_HEX":"#009845","BOYUT_PT":2,"PR_DURUM":"1","PR_ACILIS":null,"PR_KURUM":null,"ACILIS":"2009-01-30","TARIH_KAPANIS":null}},{"type":"Feature","id":232,"geometry":{"type":"Point","coordinates":[29.0207646727325,41.1080583016635,0]},"properties":{"OBJECTID":232,"TUR":"2","KOD":"M2","AD":"İTÜ-Ayazağa","IKON_URL":"https://upload.wikimedia.org/wikipedia/commons/3/3a/Istanbul_M2_Line_Symbol.svg","RENK_HEX":"#009845","BOYUT_PT":2,"PR_DURUM":"1","PR_ACILIS":null,"PR_KURUM":null,"ACILIS":"2009-01-30","TARIH_KAPANIS":null}},{"type":"Feature","id":233,"geometry":{"type":"Point","coordinates":[29.0241771218669,41.1183842687783,0]},"properties":{"OBJECTID":233,"TUR":"2","KOD":"M2","AD":"Atatürk Oto Sanayi","IKON_URL":"https://upload.wikimedia.org/wikipedia/commons/3/3a/Istanbul_M2_Line_Symbol.svg","RENK_HEX":"#009845","BOYUT_PT":2,"PR_DURUM":"1","PR_ACILIS":null,"PR_KURUM":null,"ACILIS":"2009-01-30","TARIH_KAPANIS":null}},{"type":"Feature","id":234,"geometry":{"type":"Point","coordinates":[29.0250574295228,41.1298369626294,0]},"properties":{"OBJECTID":234,"TUR":"2","KOD":"M2","AD":"Darüşşafaka","IKON_URL":"https://upload.wikimedia.org/wikipedia/commons/3/3a/Istanbul_M2_Line_Symbol.svg","RENK_HEX":"#009845","BOYUT_PT":2,"PR_DURUM":"1","PR_ACILIS":null,"PR_KURUM":null,"ACILIS":"2010-09-02","TARIH_KAPANIS":null}},{"type":"Feature","id":235,"geometry":{"type":"Point","coordinates":[29.0306150636405,41.1398668051626,0]},"properties":{"OBJECTID":235,"TUR":"2","KOD":"M2","AD":"Hacıosman","IKON_URL":"https://upload.wikimedia.org/wikipedia/commons/3/3a/Istanbul_M2_Line_Symbol.svg","RENK_HEX":"#009845","BOYUT_PT":2,"PR_DURUM":"1","PR_ACILIS":null,"PR_KURUM":null,"ACILIS":"2011-07-09","TARIH_KAPANIS":null}},{"type":"Feature","id":236,"geometry":{"type":"Point","coordinates":[29.0097024697775,41.0542703829562,0]},"properties":{"OBJECTID":236,"TUR":"2","KOD":"M7","AD":"Yıldız","IKON_URL":"https://upload.wikimedia.org/wikipedia/commons/6/6d/Istanbul_M7_Line_Symbol.svg","RENK_HEX":"#F29EBF","BOYUT_PT":2,"PR_DURUM":"1","PR_ACILIS":null,"PR_KURUM":null,"ACILIS":"2023-01-02","TARIH_KAPANIS":null}},{"type":"Feature","id":237,"geometry":{"type":"Point","coordinates":[28.9939454106363,41.0447361894358,0]},"properties":{"OBJECTID":237,"TUR":"5","KOD":"TF1","AD":"Maçka","IKON_URL":"https://upload.wikimedia.org/wikipedia/commons/9/90/Istanbul_TF1_Line_Symbol.svg","RENK_HEX":"#65BAAF","BOYUT_PT":1,"PR_DURUM":"1","PR_ACILIS":null,"PR_KURUM":null,"ACILIS":"1993-04-11","TARIH_KAPANIS":null}},{"type":"Feature","id":238,"geometry":{"type":"Point","coordinates":[28.9902942324185,41.0434787078907,0]},"properties":{"OBJECTID":238,"TUR":"5","KOD":"TF1","AD":"Taşkışla","IKON_URL":"https://upload.wikimedia.org/wikipedia/commons/9/90/Istanbul_TF1_Line_Symbol.svg","RENK_HEX":"#65BAAF","BOYUT_PT":1,"PR_DURUM":"1","PR_ACILIS":null,"PR_KURUM":null,"ACILIS":"1993-04-11","TARIH_KAPANIS":null}},{"type":"Feature","id":239,"geometry":{"type":"Point","coordinates":[28.9908498826425,41.0338718081996,0]},"properties":{"OBJECTID":239,"TUR":"2","KOD":"M7","AD":"Kabataş","IKON_URL":"https://upload.wikimedia.org/wikipedia/commons/6/6d/Istanbul_M7_Line_Symbol.svg","RENK_HEX":"#F29EBF","BOYUT_PT":2,"PR_DURUM":"4","PR_ACILIS":null,"PR_KURUM":"İBB","ACILIS":null,"TARIH_KAPANIS":null}},{"type":"Feature","id":240,"geometry":{"type":"Point","coordinates":[29.0074276031014,41.0435225610182,0]},"properties":{"OBJECTID":240,"TUR":"2","KOD":"M7","AD":"Beşiktaş","IKON_URL":"https://upload.wikimedia.org/wikipedia/commons/6/6d/Istanbul_M7_Line_Symbol.svg","RENK_HEX":"#F29EBF","BOYUT_PT":2,"PR_DURUM":"4","PR_ACILIS":null,"PR_KURUM":"İBB","ACILIS":null,"TARIH_KAPANIS":null}},{"type":"Feature","id":241,"geometry":{"type":"Point","coordinates":[29.0074654661923,41.0619424166086,0]},"properties":{"OBJECTID":241,"TUR":"2","KOD":"M7","AD":"Fulya","IKON_URL":"https://upload.wikimedia.org/wikipedia/commons/6/6d/Istanbul_M7_Line_Symbol.svg","RENK_HEX":"#F29EBF","BOYUT_PT":2,"PR_DURUM":"1","PR_ACILIS":null,"PR_KURUM":null,"ACILIS":"2023-01-02","TARIH_KAPANIS":null}},{"type":"Feature","id":242,"geometry":{"type":"Point","coordinates":[28.9798901271558,41.0711563669876,0]},"properties":{"OBJECTID":242,"TUR":"2","KOD":"M7","AD":"Çağlayan","IKON_URL":"https://upload.wikimedia.org/wikipedia/commons/6/6d/Istanbul_M7_Line_Symbol.svg","RENK_HEX":"#F29EBF","BOYUT_PT":2,"PR_DURUM":"1","PR_ACILIS":null,"PR_KURUM":null,"ACILIS":"2020-10-28","TARIH_KAPANIS":null}},{"type":"Feature","id":243,"geometry":{"type":"Point","coordinates":[28.9732642793843,41.0795518326184,0]},"properties":{"OBJECTID":243,"TUR":"2","KOD":"M7","AD":"Kağıthane","IKON_URL":"https://upload.wikimedia.org/wikipedia/commons/6/6d/Istanbul_M7_Line_Symbol.svg","RENK_HEX":"#F29EBF","BOYUT_PT":2,"PR_DURUM":"1","PR_ACILIS":null,"PR_KURUM":null,"ACILIS":"2020-10-28","TARIH_KAPANIS":null}},{"type":"Feature","id":244,"geometry":{"type":"Point","coordinates":[28.9632652065169,41.0795994191925,0]},"properties":{"OBJECTID":244,"TUR":"2","KOD":"M7","AD":"Nurtepe","IKON_URL":"https://upload.wikimedia.org/wikipedia/commons/6/6d/Istanbul_M7_Line_Symbol.svg","RENK_HEX":"#F29EBF","BOYUT_PT":2,"PR_DURUM":"1","PR_ACILIS":null,"PR_KURUM":null,"ACILIS":"2020-10-28","TARIH_KAPANIS":null}},{"type":"Feature","id":245,"geometry":{"type":"Point","coordinates":[28.949648770714,41.0791072582521,0]},"properties":{"OBJECTID":245,"TUR":"2","KOD":"M7","AD":"Alibeyköy","IKON_URL":"https://upload.wikimedia.org/wikipedia/commons/6/6d/Istanbul_M7_Line_Symbol.svg","RENK_HEX":"#F29EBF","BOYUT_PT":2,"PR_DURUM":"1","PR_ACILIS":null,"PR_KURUM":null,"ACILIS":"2020-10-28","TARIH_KAPANIS":null}},{"type":"Feature","id":246,"geometry":{"type":"Point","coordinates":[28.9362850561533,41.0802038073309,0]},"properties":{"OBJECTID":246,"TUR":"2","KOD":"M7","AD":"Çırçır","IKON_URL":"https://upload.wikimedia.org/wikipedia/commons/6/6d/Istanbul_M7_Line_Symbol.svg","RENK_HEX":"#F29EBF","BOYUT_PT":2,"PR_DURUM":"1","PR_ACILIS":null,"PR_KURUM":null,"ACILIS":"2020-10-28","TARIH_KAPANIS":null}},{"type":"Feature","id":247,"geometry":{"type":"Point","coordinates":[28.9281339732339,41.0796585416116,0]},"properties":{"OBJECTID":247,"TUR":"2","KOD":"M7","AD":"Veysel Karani-Akşemsettin","IKON_URL":"https://upload.wikimedia.org/wikipedia/commons/6/6d/Istanbul_M7_Line_Symbol.svg","RENK_HEX":"#F29EBF","BOYUT_PT":2,"PR_DURUM":"1","PR_ACILIS":null,"PR_KURUM":null,"ACILIS":"2020-10-28","TARIH_KAPANIS":null}},{"type":"Feature","id":248,"geometry":{"type":"Point","coordinates":[28.9183193523422,41.0822940659057,0]},"properties":{"OBJECTID":248,"TUR":"2","KOD":"M7","AD":"Yeşilpınar","IKON_URL":"https://upload.wikimedia.org/wikipedia/commons/6/6d/Istanbul_M7_Line_Symbol.svg","RENK_HEX":"#F29EBF","BOYUT_PT":2,"PR_DURUM":"1","PR_ACILIS":null,"PR_KURUM":null,"ACILIS":"2020-10-28","TARIH_KAPANIS":null}},{"type":"Feature","id":249,"geometry":{"type":"Point","coordinates":[28.9083179312787,41.0853814647589,0]},"properties":{"OBJECTID":249,"TUR":"2","KOD":"M7","AD":"Kâzım Karabekir","IKON_URL":"https://upload.wikimedia.org/wikipedia/commons/6/6d/Istanbul_M7_Line_Symbol.svg","RENK_HEX":"#F29EBF","BOYUT_PT":2,"PR_DURUM":"1","PR_ACILIS":null,"PR_KURUM":null,"ACILIS":"2020-10-28","TARIH_KAPANIS":null}},{"type":"Feature","id":250,"geometry":{"type":"Point","coordinates":[28.8927067800991,41.0838460525961,0]},"properties":{"OBJECTID":250,"TUR":"2","KOD":"M7","AD":"Yenimahalle","IKON_URL":"https://upload.wikimedia.org/wikipedia/commons/6/6d/Istanbul_M7_Line_Symbol.svg","RENK_HEX":"#F29EBF","BOYUT_PT":2,"PR_DURUM":"1","PR_ACILIS":null,"PR_KURUM":null,"ACILIS":"2020-10-28","TARIH_KAPANIS":null}},{"type":"Feature","id":251,"geometry":{"type":"Point","coordinates":[28.8667578552576,41.071295886671,0]},"properties":{"OBJECTID":251,"TUR":"2","KOD":"M7","AD":"Giyimkent-Tekstilkent","IKON_URL":"https://upload.wikimedia.org/wikipedia/commons/6/6d/Istanbul_M7_Line_Symbol.svg","RENK_HEX":"#F29EBF","BOYUT_PT":2,"PR_DURUM":"1","PR_ACILIS":null,"PR_KURUM":null,"ACILIS":"2020-10-28","TARIH_KAPANIS":null}},{"type":"Feature","id":252,"geometry":{"type":"Point","coordinates":[28.8551613496429,41.0621815338467,0]},"properties":{"OBJECTID":252,"TUR":"2","KOD":"M7","AD":"Oruç Reis","IKON_URL":"https://upload.wikimedia.org/wikipedia/commons/6/6d/Istanbul_M7_Line_Symbol.svg","RENK_HEX":"#F29EBF","BOYUT_PT":2,"PR_DURUM":"1","PR_ACILIS":null,"PR_KURUM":null,"ACILIS":"2020-10-28","TARIH_KAPANIS":null}},{"type":"Feature","id":253,"geometry":{"type":"Point","coordinates":[28.8481805685195,41.0567935360283,0]},"properties":{"OBJECTID":253,"TUR":"2","KOD":"M7","AD":"Göztepe","IKON_URL":"https://upload.wikimedia.org/wikipedia/commons/6/6d/Istanbul_M7_Line_Symbol.svg","RENK_HEX":"#F29EBF","BOYUT_PT":2,"PR_DURUM":"1","PR_ACILIS":null,"PR_KURUM":null,"ACILIS":"2020-10-28","TARIH_KAPANIS":null}},{"type":"Feature","id":254,"geometry":{"type":"Point","coordinates":[28.8295862631984,41.0553290306592,0]},"properties":{"OBJECTID":254,"TUR":"2","KOD":"M7","AD":"Mahmutbey","IKON_URL":"https://upload.wikimedia.org/wikipedia/commons/6/6d/Istanbul_M7_Line_Symbol.svg","RENK_HEX":"#F29EBF","BOYUT_PT":2,"PR_DURUM":"1","PR_ACILIS":null,"PR_KURUM":null,"ACILIS":"2020-10-28","TARIH_KAPANIS":null}},{"type":"Feature","id":255,"geometry":{"type":"Point","coordinates":[28.8137129342116,41.0565540151242,0]},"properties":{"OBJECTID":255,"TUR":"2","KOD":"M7","AD":"Bölge Parkı","IKON_URL":"https://upload.wikimedia.org/wikipedia/commons/6/6d/Istanbul_M7_Line_Symbol.svg","RENK_HEX":"#F29EBF","BOYUT_PT":2,"PR_DURUM":"3","PR_ACILIS":null,"PR_KURUM":"İBB","ACILIS":null,"TARIH_KAPANIS":null}},{"type":"Feature","id":256,"geometry":{"type":"Point","coordinates":[28.797686106499,41.051879171752,0]},"properties":{"OBJECTID":256,"TUR":"2","KOD":"M7","AD":"Atatürk Mahallesi","IKON_URL":"https://upload.wikimedia.org/wikipedia/commons/6/6d/Istanbul_M7_Line_Symbol.svg","RENK_HEX":"#F29EBF","BOYUT_PT":2,"PR_DURUM":"3","PR_ACILIS":null,"PR_KURUM":"İBB","ACILIS":null,"TARIH_KAPANIS":null}},{"type":"Feature","id":257,"geometry":{"type":"Point","coordinates":[28.7987283615361,41.0527175909828,0]},"properties":{"OBJECTID":257,"TUR":"2","KOD":"M9","AD":"Atatürk Mahallesi","IKON_URL":"https://upload.wikimedia.org/wikipedia/commons/d/db/Istanbul_M9_Line_Symbol.svg","RENK_HEX":"#FFD300","BOYUT_PT":2,"PR_DURUM":"1","PR_ACILIS":null,"PR_KURUM":null,"ACILIS":"2024-03-18","TARIH_KAPANIS":null}},{"type":"Feature","id":258,"geometry":{"type":"Point","coordinates":[28.7862471465206,41.0552687124292,0]},"properties":{"OBJECTID":258,"TUR":"2","KOD":"M7","AD":"Toplu Konutlar","IKON_URL":"https://upload.wikimedia.org/wikipedia/commons/6/6d/Istanbul_M7_Line_Symbol.svg","RENK_HEX":"#F29EBF","BOYUT_PT":2,"PR_DURUM":"3","PR_ACILIS":null,"PR_KURUM":"İBB","ACILIS":null,"TARIH_KAPANIS":null}},{"type":"Feature","id":259,"geometry":{"type":"Point","coordinates":[28.772052697833,41.058191873978,0]},"properties":{"OBJECTID":259,"TUR":"2","KOD":"M7","AD":"Tema Park","IKON_URL":"https://upload.wikimedia.org/wikipedia/commons/6/6d/Istanbul_M7_Line_Symbol.svg","RENK_HEX":"#F29EBF","BOYUT_PT":2,"PR_DURUM":"3","PR_ACILIS":null,"PR_KURUM":"İBB","ACILIS":null,"TARIH_KAPANIS":null}},{"type":"Feature","id":260,"geometry":{"type":"Point","coordinates":[28.7590061748059,41.0561069563718,0]},"properties":{"OBJECTID":260,"TUR":"2","KOD":"M7","AD":"Hastane","IKON_URL":"https://upload.wikimedia.org/wikipedia/commons/6/6d/Istanbul_M7_Line_Symbol.svg","RENK_HEX":"#F29EBF","BOYUT_PT":2,"PR_DURUM":"3","PR_ACILIS":null,"PR_KURUM":"İBB","ACILIS":null,"TARIH_KAPANIS":null}},{"type":"Feature","id":261,"geometry":{"type":"Point","coordinates":[28.7224814479047,41.0621681254771,0]},"properties":{"OBJECTID":261,"TUR":"2","KOD":"M7","AD":"Tahtakale","IKON_URL":"https://upload.wikimedia.org/wikipedia/commons/6/6d/Istanbul_M7_Line_Symbol.svg","RENK_HEX":"#F29EBF","BOYUT_PT":2,"PR_DURUM":"5","PR_ACILIS":null,"PR_KURUM":null,"ACILIS":null,"TARIH_KAPANIS":null}},{"type":"Feature","id":262,"geometry":{"type":"Point","coordinates":[28.7092791399393,41.0622076326112,0]},"properties":{"OBJECTID":262,"TUR":"2","KOD":"M7","AD":"Ispartakule","IKON_URL":"https://upload.wikimedia.org/wikipedia/commons/6/6d/Istanbul_M7_Line_Symbol.svg","RENK_HEX":"#F29EBF","BOYUT_PT":2,"PR_DURUM":"5","PR_ACILIS":null,"PR_KURUM":null,"ACILIS":null,"TARIH_KAPANIS":null}},{"type":"Feature","id":263,"geometry":{"type":"Point","coordinates":[28.685293642153,41.0640801181082,0]},"properties":{"OBJECTID":263,"TUR":"2","KOD":"M7","AD":"Bahçeşehir","IKON_URL":"https://upload.wikimedia.org/wikipedia/commons/6/6d/Istanbul_M7_Line_Symbol.svg","RENK_HEX":"#F29EBF","BOYUT_PT":2,"PR_DURUM":"5","PR_ACILIS":null,"PR_KURUM":null,"ACILIS":null,"TARIH_KAPANIS":null}},{"type":"Feature","id":264,"geometry":{"type":"Point","coordinates":[28.6709138009537,41.0565548774354,0]},"properties":{"OBJECTID":264,"TUR":"2","KOD":"M7","AD":"Esenkent","IKON_URL":"https://upload.wikimedia.org/wikipedia/commons/6/6d/Istanbul_M7_Line_Symbol.svg","RENK_HEX":"#F29EBF","BOYUT_PT":2,"PR_DURUM":"5","PR_ACILIS":null,"PR_KURUM":null,"ACILIS":null,"TARIH_KAPANIS":null}},{"type":"Feature","id":265,"geometry":{"type":"Point","coordinates":[28.6754532791384,41.0446112076079,0]},"properties":{"OBJECTID":265,"TUR":"2","KOD":"M7","AD":"Ardıçlı","IKON_URL":"https://upload.wikimedia.org/wikipedia/commons/6/6d/Istanbul_M7_Line_Symbol.svg","RENK_HEX":"#F29EBF","BOYUT_PT":2,"PR_DURUM":"5","PR_ACILIS":null,"PR_KURUM":null,"ACILIS":null,"TARIH_KAPANIS":null}},{"type":"Feature","id":266,"geometry":{"type":"Point","coordinates":[28.6793786321641,41.0346986000506,0]},"properties":{"OBJECTID":266,"TUR":"2","KOD":"M7","AD":"Esenyurt Meydanı","IKON_URL":"https://upload.wikimedia.org/wikipedia/commons/6/6d/Istanbul_M7_Line_Symbol.svg","RENK_HEX":"#F29EBF","BOYUT_PT":2,"PR_DURUM":"5","PR_ACILIS":null,"PR_KURUM":null,"ACILIS":null,"TARIH_KAPANIS":null}},{"type":"Feature","id":267,"geometry":{"type":"Point","coordinates":[29.0242612095674,41.0773149234301,0]},"properties":{"OBJECTID":267,"TUR":"2","KOD":"M6","AD":"Nispetiye","IKON_URL":"https://upload.wikimedia.org/wikipedia/commons/3/31/Istanbul_M6_Line_Symbol.svg","RENK_HEX":"#C8A977","BOYUT_PT":2,"PR_DURUM":"1","PR_ACILIS":null,"PR_KURUM":null,"ACILIS":"2015-04-19","TARIH_KAPANIS":null}},{"type":"Feature","id":268,"geometry":{"type":"Point","coordinates":[29.0375538952368,41.0823701809175,0]},"properties":{"OBJECTID":268,"TUR":"2","KOD":"M6","AD":"Etiler","IKON_URL":"https://upload.wikimedia.org/wikipedia/commons/3/31/Istanbul_M6_Line_Symbol.svg","RENK_HEX":"#C8A977","BOYUT_PT":2,"PR_DURUM":"1","PR_ACILIS":null,"PR_KURUM":null,"ACILIS":"2015-04-19","TARIH_KAPANIS":null}},{"type":"Feature","id":269,"geometry":{"type":"Point","coordinates":[28.8285589902637,40.9866299106889,0]},"properties":{"OBJECTID":269,"TUR":"2","KOD":"M1A","AD":"DTM-İstanbul Fuar Merkezi","IKON_URL":"https://upload.wikimedia.org/wikipedia/commons/e/e2/Istanbul_M1A_Line_Symbol.svg","RENK_HEX":"#E1251B","BOYUT_PT":2,"PR_DURUM":"1","PR_ACILIS":null,"PR_KURUM":null,"ACILIS":"2002-12-20","TARIH_KAPANIS":null}},{"type":"Feature","id":270,"geometry":{"type":"Point","coordinates":[28.8379844654659,40.9896072328556,0]},"properties":{"OBJECTID":270,"TUR":"2","KOD":"M9","AD":"Yenibosna","IKON_URL":"https://upload.wikimedia.org/wikipedia/commons/d/db/Istanbul_M9_Line_Symbol.svg","RENK_HEX":"#FFD300","BOYUT_PT":2,"PR_DURUM":"1","PR_ACILIS":null,"PR_KURUM":null,"ACILIS":"2024-03-18","TARIH_KAPANIS":null}},{"type":"Feature","id":271,"geometry":{"type":"Point","coordinates":[28.837474465828,40.9897547768552,0]},"properties":{"OBJECTID":271,"TUR":"2","KOD":"M1A","AD":"Yenibosna","IKON_URL":"https://upload.wikimedia.org/wikipedia/commons/e/e2/Istanbul_M1A_Line_Symbol.svg","RENK_HEX":"#E1251B","BOYUT_PT":2,"PR_DURUM":"1","PR_ACILIS":null,"PR_KURUM":null,"ACILIS":"1995-08-25","TARIH_KAPANIS":null}},{"type":"Feature","id":272,"geometry":{"type":"Point","coordinates":[28.8460159691463,40.99133402343,0]},"properties":{"OBJECTID":272,"TUR":"2","KOD":"M1A","AD":"Ataköy-Şirinevler","IKON_URL":"https://upload.wikimedia.org/wikipedia/commons/e/e2/Istanbul_M1A_Line_Symbol.svg","RENK_HEX":"#E1251B","BOYUT_PT":2,"PR_DURUM":"1","PR_ACILIS":null,"PR_KURUM":null,"ACILIS":"1995-07-26","TARIH_KAPANIS":null}},{"type":"Feature","id":273,"geometry":{"type":"Point","coordinates":[28.863459602657,40.9954482490355,0]},"properties":{"OBJECTID":273,"TUR":"2","KOD":"M1A","AD":"Bahçelievler","IKON_URL":"https://upload.wikimedia.org/wikipedia/commons/e/e2/Istanbul_M1A_Line_Symbol.svg","RENK_HEX":"#E1251B","BOYUT_PT":2,"PR_DURUM":"1","PR_ACILIS":null,"PR_KURUM":null,"ACILIS":"1999-01-15","TARIH_KAPANIS":null}},{"type":"Feature","id":274,"geometry":{"type":"Point","coordinates":[29.0287175684355,41.028213244875,0]},"properties":{"OBJECTID":274,"TUR":"2","KOD":"M5","AD":"Fıstıkağacı","IKON_URL":"https://upload.wikimedia.org/wikipedia/commons/b/bd/Istanbul_M5_Line_Symbol.svg","RENK_HEX":"#673065","BOYUT_PT":2,"PR_DURUM":"1","PR_ACILIS":null,"PR_KURUM":null,"ACILIS":"2017-12-15","TARIH_KAPANIS":null}},{"type":"Feature","id":275,"geometry":{"type":"Point","coordinates":[29.0365436579531,41.0217973688349,0]},"properties":{"OBJECTID":275,"TUR":"2","KOD":"M5","AD":"Bağlarbaşı","IKON_URL":"https://upload.wikimedia.org/wikipedia/commons/b/bd/Istanbul_M5_Line_Symbol.svg","RENK_HEX":"#673065","BOYUT_PT":2,"PR_DURUM":"1","PR_ACILIS":null,"PR_KURUM":null,"ACILIS":"2017-12-15","TARIH_KAPANIS":null}},{"type":"Feature","id":276,"geometry":{"type":"Point","coordinates":[29.0621868995783,41.0221522821771,0]},"properties":{"OBJECTID":276,"TUR":"2","KOD":"M5","AD":"Kısıklı","IKON_URL":"https://upload.wikimedia.org/wikipedia/commons/b/bd/Istanbul_M5_Line_Symbol.svg","RENK_HEX":"#673065","BOYUT_PT":2,"PR_DURUM":"1","PR_ACILIS":null,"PR_KURUM":null,"ACILIS":"2017-12-15","TARIH_KAPANIS":null}},{"type":"Feature","id":277,"geometry":{"type":"Point","coordinates":[29.0761476425616,41.0163185690209,0]},"properties":{"OBJECTID":277,"TUR":"2","KOD":"M5","AD":"Bulgurlu","IKON_URL":"https://upload.wikimedia.org/wikipedia/commons/b/bd/Istanbul_M5_Line_Symbol.svg","RENK_HEX":"#673065","BOYUT_PT":2,"PR_DURUM":"1","PR_ACILIS":null,"PR_KURUM":null,"ACILIS":"2017-12-15","TARIH_KAPANIS":null}},{"type":"Feature","id":278,"geometry":{"type":"Point","coordinates":[29.0851638569985,41.0246872953292,0]},"properties":{"OBJECTID":278,"TUR":"2","KOD":"M5","AD":"Ümraniye","IKON_URL":"https://upload.wikimedia.org/wikipedia/commons/b/bd/Istanbul_M5_Line_Symbol.svg","RENK_HEX":"#673065","BOYUT_PT":2,"PR_DURUM":"1","PR_ACILIS":null,"PR_KURUM":null,"ACILIS":"2017-12-15","TARIH_KAPANIS":null}},{"type":"Feature","id":279,"geometry":{"type":"Point","coordinates":[29.0972489598894,41.0259683220243,0]},"properties":{"OBJECTID":279,"TUR":"2","KOD":"M5","AD":"Çarşı","IKON_URL":"https://upload.wikimedia.org/wikipedia/commons/b/bd/Istanbul_M5_Line_Symbol.svg","RENK_HEX":"#673065","BOYUT_PT":2,"PR_DURUM":"1","PR_ACILIS":null,"PR_KURUM":null,"ACILIS":"2017-12-15","TARIH_KAPANIS":null}},{"type":"Feature","id":280,"geometry":{"type":"Point","coordinates":[29.0968268891481,41.026546404338,0]},"properties":{"OBJECTID":280,"TUR":"2","KOD":"M12","AD":"Çarşı","IKON_URL":"https://upload.wikimedia.org/wikipedia/commons/d/d4/Istanbul_M12_Line_Symbol.svg","RENK_HEX":"#C9D200","BOYUT_PT":2,"PR_DURUM":"3","PR_ACILIS":null,"PR_KURUM":"İBB","ACILIS":null,"TARIH_KAPANIS":null}},{"type":"Feature","id":281,"geometry":{"type":"Point","coordinates":[29.1111382176374,41.0237789684242,0]},"properties":{"OBJECTID":281,"TUR":"2","KOD":"M5","AD":"Yamanevler","IKON_URL":"https://upload.wikimedia.org/wikipedia/commons/b/bd/Istanbul_M5_Line_Symbol.svg","RENK_HEX":"#673065","BOYUT_PT":2,"PR_DURUM":"1","PR_ACILIS":null,"PR_KURUM":null,"ACILIS":"2017-12-15","TARIH_KAPANIS":null}},{"type":"Feature","id":282,"geometry":{"type":"Point","coordinates":[29.1184460762541,41.0215354477957,0]},"properties":{"OBJECTID":282,"TUR":"2","KOD":"M5","AD":"Çakmak","IKON_URL":"https://upload.wikimedia.org/wikipedia/commons/b/bd/Istanbul_M5_Line_Symbol.svg","RENK_HEX":"#673065","BOYUT_PT":2,"PR_DURUM":"1","PR_ACILIS":null,"PR_KURUM":null,"ACILIS":"2018-10-21","TARIH_KAPANIS":null}},{"type":"Feature","id":283,"geometry":{"type":"Point","coordinates":[29.1306280768214,41.0196462604496,0]},"properties":{"OBJECTID":283,"TUR":"2","KOD":"M5","AD":"Ihlamurkuyu","IKON_URL":"https://upload.wikimedia.org/wikipedia/commons/b/bd/Istanbul_M5_Line_Symbol.svg","RENK_HEX":"#673065","BOYUT_PT":2,"PR_DURUM":"1","PR_ACILIS":null,"PR_KURUM":null,"ACILIS":"2018-10-21","TARIH_KAPANIS":null}},{"type":"Feature","id":284,"geometry":{"type":"Point","coordinates":[29.140016441721,41.0165707241004,0]},"properties":{"OBJECTID":284,"TUR":"2","KOD":"M5","AD":"Altınşehir","IKON_URL":"https://upload.wikimedia.org/wikipedia/commons/b/bd/Istanbul_M5_Line_Symbol.svg","RENK_HEX":"#673065","BOYUT_PT":2,"PR_DURUM":"1","PR_ACILIS":null,"PR_KURUM":null,"ACILIS":"2018-10-21","TARIH_KAPANIS":null}},{"type":"Feature","id":285,"geometry":{"type":"Point","coordinates":[29.1517117144061,41.0159975686049,0]},"properties":{"OBJECTID":285,"TUR":"2","KOD":"M5","AD":"İmam Hatip Lisesi","IKON_URL":"https://upload.wikimedia.org/wikipedia/commons/b/bd/Istanbul_M5_Line_Symbol.svg","RENK_HEX":"#673065","BOYUT_PT":2,"PR_DURUM":"1","PR_ACILIS":null,"PR_KURUM":null,"ACILIS":"2018-10-21","TARIH_KAPANIS":null}},{"type":"Feature","id":286,"geometry":{"type":"Point","coordinates":[29.1794208467245,41.0160306575626,0]},"properties":{"OBJECTID":286,"TUR":"2","KOD":"M5","AD":"Necip Fazıl","IKON_URL":"https://upload.wikimedia.org/wikipedia/commons/b/bd/Istanbul_M5_Line_Symbol.svg","RENK_HEX":"#673065","BOYUT_PT":2,"PR_DURUM":"1","PR_ACILIS":null,"PR_KURUM":null,"ACILIS":"2018-10-21","TARIH_KAPANIS":null}},{"type":"Feature","id":287,"geometry":{"type":"Point","coordinates":[29.1891652508021,41.0145867514999,0]},"properties":{"OBJECTID":287,"TUR":"2","KOD":"M5","AD":"Çekmeköy","IKON_URL":"https://upload.wikimedia.org/wikipedia/commons/b/bd/Istanbul_M5_Line_Symbol.svg","RENK_HEX":"#673065","BOYUT_PT":2,"PR_DURUM":"1","PR_ACILIS":null,"PR_KURUM":null,"ACILIS":"2018-10-21","TARIH_KAPANIS":null}},{"type":"Feature","id":288,"geometry":{"type":"Point","coordinates":[29.1987554806207,41.0096748400656,0]},"properties":{"OBJECTID":288,"TUR":"2","KOD":"M5","AD":"Meclis","IKON_URL":"https://upload.wikimedia.org/wikipedia/commons/b/bd/Istanbul_M5_Line_Symbol.svg","RENK_HEX":"#673065","BOYUT_PT":2,"PR_DURUM":"1","PR_ACILIS":null,"PR_KURUM":null,"ACILIS":"2024-03-16","TARIH_KAPANIS":null}},{"type":"Feature","id":289,"geometry":{"type":"Point","coordinates":[29.2121901593938,41.0101701540441,0]},"properties":{"OBJECTID":289,"TUR":"2","KOD":"M5","AD":"Sarıgazi","IKON_URL":"https://upload.wikimedia.org/wikipedia/commons/b/bd/Istanbul_M5_Line_Symbol.svg","RENK_HEX":"#673065","BOYUT_PT":2,"PR_DURUM":"1","PR_ACILIS":null,"PR_KURUM":null,"ACILIS":"2024-03-16","TARIH_KAPANIS":null}},{"type":"Feature","id":290,"geometry":{"type":"Point","coordinates":[29.2172406765674,41.0015003150934,0]},"properties":{"OBJECTID":290,"TUR":"2","KOD":"M5","AD":"Sancaktepe Şehir Hastanesi","IKON_URL":"https://upload.wikimedia.org/wikipedia/commons/b/bd/Istanbul_M5_Line_Symbol.svg","RENK_HEX":"#673065","BOYUT_PT":2,"PR_DURUM":"3","PR_ACILIS":null,"PR_KURUM":"İBB","ACILIS":null,"TARIH_KAPANIS":null}},{"type":"Feature","id":291,"geometry":{"type":"Point","coordinates":[29.2290573430885,40.9919367849091,0]},"properties":{"OBJECTID":291,"TUR":"2","KOD":"M5","AD":"Sancaktepe","IKON_URL":"https://upload.wikimedia.org/wikipedia/commons/b/bd/Istanbul_M5_Line_Symbol.svg","RENK_HEX":"#673065","BOYUT_PT":2,"PR_DURUM":"1","PR_ACILIS":null,"PR_KURUM":null,"ACILIS":"2024-03-16","TARIH_KAPANIS":null}},{"type":"Feature","id":292,"geometry":{"type":"Point","coordinates":[29.2314889720698,40.9838980593093,0]},"properties":{"OBJECTID":292,"TUR":"2","KOD":"M5","AD":"Samandıra Merkez","IKON_URL":"https://upload.wikimedia.org/wikipedia/commons/b/bd/Istanbul_M5_Line_Symbol.svg","RENK_HEX":"#673065","BOYUT_PT":2,"PR_DURUM":"1","PR_ACILIS":null,"PR_KURUM":null,"ACILIS":"2024-03-16","TARIH_KAPANIS":null}},{"type":"Feature","id":293,"geometry":{"type":"Point","coordinates":[29.2399877039024,40.969121066103,0]},"properties":{"OBJECTID":293,"TUR":"2","KOD":"M5","AD":"Veysel Karani","IKON_URL":"https://upload.wikimedia.org/wikipedia/commons/b/bd/Istanbul_M5_Line_Symbol.svg","RENK_HEX":"#673065","BOYUT_PT":2,"PR_DURUM":"2","PR_ACILIS":null,"PR_KURUM":"İBB","ACILIS":null,"TARIH_KAPANIS":null}},{"type":"Feature","id":294,"geometry":{"type":"Point","coordinates":[29.2551477651637,40.9687577080021,0]},"properties":{"OBJECTID":294,"TUR":"2","KOD":"M5","AD":"Hasanpaşa","IKON_URL":"https://upload.wikimedia.org/wikipedia/commons/b/bd/Istanbul_M5_Line_Symbol.svg","RENK_HEX":"#673065","BOYUT_PT":2,"PR_DURUM":"2","PR_ACILIS":null,"PR_KURUM":"İBB","ACILIS":null,"TARIH_KAPANIS":null}},{"type":"Feature","id":295,"geometry":{"type":"Point","coordinates":[29.2725448416882,40.9660010225617,0]},"properties":{"OBJECTID":295,"TUR":"2","KOD":"M5","AD":"Sultanbeyli","IKON_URL":"https://upload.wikimedia.org/wikipedia/commons/b/bd/Istanbul_M5_Line_Symbol.svg","RENK_HEX":"#673065","BOYUT_PT":2,"PR_DURUM":"2","PR_ACILIS":null,"PR_KURUM":"İBB","ACILIS":null,"TARIH_KAPANIS":null}},{"type":"Feature","id":296,"geometry":{"type":"Point","coordinates":[29.0567730893308,40.9696270930183,0]},"properties":{"OBJECTID":296,"TUR":"2","KOD":"M12","AD":"60. Yıl Parkı","IKON_URL":"https://upload.wikimedia.org/wikipedia/commons/d/d4/Istanbul_M12_Line_Symbol.svg","RENK_HEX":"#C9D200","BOYUT_PT":2,"PR_DURUM":"3","PR_ACILIS":null,"PR_KURUM":"İBB","ACILIS":null,"TARIH_KAPANIS":null}},{"type":"Feature","id":297,"geometry":{"type":"Point","coordinates":[29.0657836120421,40.9777341962782,0]},"properties":{"OBJECTID":297,"TUR":"2","KOD":"M12","AD":"Tütüncü Mehmet Efendi","IKON_URL":"https://upload.wikimedia.org/wikipedia/commons/d/d4/Istanbul_M12_Line_Symbol.svg","RENK_HEX":"#C9D200","BOYUT_PT":2,"PR_DURUM":"3","PR_ACILIS":null,"PR_KURUM":"İBB","ACILIS":null,"TARIH_KAPANIS":null}},{"type":"Feature","id":298,"geometry":{"type":"Point","coordinates":[29.077025737667,40.9800946149864,0]},"properties":{"OBJECTID":298,"TUR":"2","KOD":"M12","AD":"Sahrayıcedit","IKON_URL":"https://upload.wikimedia.org/wikipedia/commons/d/d4/Istanbul_M12_Line_Symbol.svg","RENK_HEX":"#C9D200","BOYUT_PT":2,"PR_DURUM":"3","PR_ACILIS":null,"PR_KURUM":"İBB","ACILIS":null,"TARIH_KAPANIS":null}},{"type":"Feature","id":299,"geometry":{"type":"Point","coordinates":[29.1041889907366,40.9906002207357,0]},"properties":{"OBJECTID":299,"TUR":"2","KOD":"M12","AD":"Ataşehir","IKON_URL":"https://upload.wikimedia.org/wikipedia/commons/d/d4/Istanbul_M12_Line_Symbol.svg","RENK_HEX":"#C9D200","BOYUT_PT":2,"PR_DURUM":"3","PR_ACILIS":null,"PR_KURUM":"İBB","ACILIS":null,"TARIH_KAPANIS":null}},{"type":"Feature","id":300,"geometry":{"type":"Point","coordinates":[29.1109729788291,40.9994643675199,0]},"properties":{"OBJECTID":300,"TUR":"2","KOD":"M12","AD":"Finans Merkezi","IKON_URL":"https://upload.wikimedia.org/wikipedia/commons/d/d4/Istanbul_M12_Line_Symbol.svg","RENK_HEX":"#C9D200","BOYUT_PT":2,"PR_DURUM":"3","PR_ACILIS":null,"PR_KURUM":"İBB","ACILIS":null,"TARIH_KAPANIS":null}},{"type":"Feature","id":301,"geometry":{"type":"Point","coordinates":[29.1129579043657,41.0084308781888,0]},"properties":{"OBJECTID":301,"TUR":"2","KOD":"M12","AD":"Site","IKON_URL":"https://upload.wikimedia.org/wikipedia/commons/d/d4/Istanbul_M12_Line_Symbol.svg","RENK_HEX":"#C9D200","BOYUT_PT":2,"PR_DURUM":"3","PR_ACILIS":null,"PR_KURUM":"İBB","ACILIS":null,"TARIH_KAPANIS":null}},{"type":"Feature","id":302,"geometry":{"type":"Point","coordinates":[29.1019022016201,41.0159590511068,0]},"properties":{"OBJECTID":302,"TUR":"2","KOD":"M12","AD":"Atakent","IKON_URL":"https://upload.wikimedia.org/wikipedia/commons/d/d4/Istanbul_M12_Line_Symbol.svg","RENK_HEX":"#C9D200","BOYUT_PT":2,"PR_DURUM":"3","PR_ACILIS":null,"PR_KURUM":"İBB","ACILIS":null,"TARIH_KAPANIS":null}},{"type":"Feature","id":303,"geometry":{"type":"Point","coordinates":[29.1020437725156,41.030589041551,0]},"properties":{"OBJECTID":303,"TUR":"2","KOD":"M12","AD":"SBÜ Hastanesi","IKON_URL":"https://upload.wikimedia.org/wikipedia/commons/d/d4/Istanbul_M12_Line_Symbol.svg","RENK_HEX":"#C9D200","BOYUT_PT":2,"PR_DURUM":"3","PR_ACILIS":null,"PR_KURUM":"İBB","ACILIS":null,"TARIH_KAPANIS":null}},{"type":"Feature","id":304,"geometry":{"type":"Point","coordinates":[29.0987767417611,41.0428070703462,0]},"properties":{"OBJECTID":304,"TUR":"2","KOD":"M12","AD":"Kazım Karabekir","IKON_URL":"https://upload.wikimedia.org/wikipedia/commons/d/d4/Istanbul_M12_Line_Symbol.svg","RENK_HEX":"#C9D200","BOYUT_PT":2,"PR_DURUM":"3","PR_ACILIS":null,"PR_KURUM":"İBB","ACILIS":null,"TARIH_KAPANIS":null}},{"type":"Feature","id":305,"geometry":{"type":"Point","coordinates":[29.01074495119,41.0672659421152,0]},"properties":{"OBJECTID":305,"TUR":"2","KOD":"M11","AD":"Gayrettepe","IKON_URL":"https://upload.wikimedia.org/wikipedia/commons/1/14/Istanbul_M11_Line_Symbol.svg","RENK_HEX":"#AB548F","BOYUT_PT":2,"PR_DURUM":"1","PR_ACILIS":null,"PR_KURUM":null,"ACILIS":"2024-01-29","TARIH_KAPANIS":null}},{"type":"Feature","id":306,"geometry":{"type":"Point","coordinates":[28.8680829816927,40.9736392450746,0]},"properties":{"OBJECTID":306,"TUR":"2","KOD":"M3","AD":"Bakırköy Sahil","IKON_URL":"https://upload.wikimedia.org/wikipedia/commons/e/e8/Istanbul_M3_Line_Symbol.svg","RENK_HEX":"#00A7E1","BOYUT_PT":2,"PR_DURUM":"1","PR_ACILIS":null,"PR_KURUM":null,"ACILIS":"2024-03-10","TARIH_KAPANIS":null}},{"type":"Feature","id":307,"geometry":{"type":"Point","coordinates":[28.8736732489098,40.9823255402286,0]},"properties":{"OBJECTID":307,"TUR":"2","KOD":"M3","AD":"Özgürlük Meydanı","IKON_URL":"https://upload.wikimedia.org/wikipedia/commons/e/e8/Istanbul_M3_Line_Symbol.svg","RENK_HEX":"#00A7E1","BOYUT_PT":2,"PR_DURUM":"1","PR_ACILIS":null,"PR_KURUM":null,"ACILIS":"2024-03-10","TARIH_KAPANIS":null}},{"type":"Feature","id":308,"geometry":{"type":"Point","coordinates":[28.8717965506019,41.0046557054916,0]},"properties":{"OBJECTID":308,"TUR":"2","KOD":"M3","AD":"Haznedar","IKON_URL":"https://upload.wikimedia.org/wikipedia/commons/e/e8/Istanbul_M3_Line_Symbol.svg","RENK_HEX":"#00A7E1","BOYUT_PT":2,"PR_DURUM":"1","PR_ACILIS":null,"PR_KURUM":null,"ACILIS":"2024-03-10","TARIH_KAPANIS":null}},{"type":"Feature","id":309,"geometry":{"type":"Point","coordinates":[28.8655851585531,41.0116085748314,0]},"properties":{"OBJECTID":309,"TUR":"2","KOD":"M3","AD":"İlkyuva","IKON_URL":"https://upload.wikimedia.org/wikipedia/commons/e/e8/Istanbul_M3_Line_Symbol.svg","RENK_HEX":"#00A7E1","BOYUT_PT":2,"PR_DURUM":"1","PR_ACILIS":null,"PR_KURUM":null,"ACILIS":"2024-03-10","TARIH_KAPANIS":null}},{"type":"Feature","id":310,"geometry":{"type":"Point","coordinates":[28.8579875393583,41.0193011544705,0]},"properties":{"OBJECTID":310,"TUR":"2","KOD":"M3","AD":"Yıldıztepe","IKON_URL":"https://upload.wikimedia.org/wikipedia/commons/e/e8/Istanbul_M3_Line_Symbol.svg","RENK_HEX":"#00A7E1","BOYUT_PT":2,"PR_DURUM":"1","PR_ACILIS":null,"PR_KURUM":null,"ACILIS":"2025-10-08","TARIH_KAPANIS":null}},{"type":"Feature","id":311,"geometry":{"type":"Point","coordinates":[28.8479119749445,41.0260383649897,0]},"properties":{"OBJECTID":311,"TUR":"2","KOD":"M3","AD":"Molla Gürani","IKON_URL":"https://upload.wikimedia.org/wikipedia/commons/e/e8/Istanbul_M3_Line_Symbol.svg","RENK_HEX":"#00A7E1","BOYUT_PT":2,"PR_DURUM":"1","PR_ACILIS":null,"PR_KURUM":null,"ACILIS":"2024-03-10","TARIH_KAPANIS":null}},{"type":"Feature","id":312,"geometry":{"type":"Point","coordinates":[28.8359462662397,41.040285804479,0]},"properties":{"OBJECTID":312,"TUR":"2","KOD":"M3","AD":"Yenimahalle","IKON_URL":"https://upload.wikimedia.org/wikipedia/commons/e/e8/Istanbul_M3_Line_Symbol.svg","RENK_HEX":"#00A7E1","BOYUT_PT":2,"PR_DURUM":"1","PR_ACILIS":null,"PR_KURUM":null,"ACILIS":"2013-06-14","TARIH_KAPANIS":null}},{"type":"Feature","id":313,"geometry":{"type":"Point","coordinates":[28.8304460209939,41.0543182635348,0]},"properties":{"OBJECTID":313,"TUR":"2","KOD":"M3","AD":"Mahmutbey","IKON_URL":"https://upload.wikimedia.org/wikipedia/commons/e/e8/Istanbul_M3_Line_Symbol.svg","RENK_HEX":"#00A7E1","BOYUT_PT":2,"PR_DURUM":"1","PR_ACILIS":null,"PR_KURUM":null,"ACILIS":"2013-06-14","TARIH_KAPANIS":null}},{"type":"Feature","id":314,"geometry":{"type":"Point","coordinates":[28.825766958987,41.0651595506189,0]},"properties":{"OBJECTID":314,"TUR":"2","KOD":"M3","AD":"İSTOÇ","IKON_URL":"https://upload.wikimedia.org/wikipedia/commons/e/e8/Istanbul_M3_Line_Symbol.svg","RENK_HEX":"#00A7E1","BOYUT_PT":2,"PR_DURUM":"1","PR_ACILIS":null,"PR_KURUM":null,"ACILIS":"2013-06-14","TARIH_KAPANIS":null}},{"type":"Feature","id":315,"geometry":{"type":"Point","coordinates":[28.8026045910887,41.0724413124795,0]},"properties":{"OBJECTID":315,"TUR":"2","KOD":"M3","AD":"İkitelli Sanayi","IKON_URL":"https://upload.wikimedia.org/wikipedia/commons/e/e8/Istanbul_M3_Line_Symbol.svg","RENK_HEX":"#00A7E1","BOYUT_PT":2,"PR_DURUM":"1","PR_ACILIS":null,"PR_KURUM":null,"ACILIS":"2013-06-14","TARIH_KAPANIS":null}},{"type":"Feature","id":316,"geometry":{"type":"Point","coordinates":[28.8023996925589,41.072309343553,0]},"properties":{"OBJECTID":316,"TUR":"2","KOD":"M9","AD":"İkitelli Sanayi","IKON_URL":"https://upload.wikimedia.org/wikipedia/commons/d/db/Istanbul_M9_Line_Symbol.svg","RENK_HEX":"#FFD300","BOYUT_PT":2,"PR_DURUM":"1","PR_ACILIS":null,"PR_KURUM":null,"ACILIS":"2013-11-22","TARIH_KAPANIS":null}},{"type":"Feature","id":317,"geometry":{"type":"Point","coordinates":[28.7974621879397,41.081211839169,0]},"properties":{"OBJECTID":317,"TUR":"2","KOD":"M3","AD":"Turgut Özal","IKON_URL":"https://upload.wikimedia.org/wikipedia/commons/e/e8/Istanbul_M3_Line_Symbol.svg","RENK_HEX":"#00A7E1","BOYUT_PT":2,"PR_DURUM":"1","PR_ACILIS":null,"PR_KURUM":null,"ACILIS":"2013-06-14","TARIH_KAPANIS":null}},{"type":"Feature","id":318,"geometry":{"type":"Point","coordinates":[28.7964944149178,41.0882771167544,0]},"properties":{"OBJECTID":318,"TUR":"2","KOD":"M3","AD":"Siteler","IKON_URL":"https://upload.wikimedia.org/wikipedia/commons/e/e8/Istanbul_M3_Line_Symbol.svg","RENK_HEX":"#00A7E1","BOYUT_PT":2,"PR_DURUM":"1","PR_ACILIS":null,"PR_KURUM":null,"ACILIS":"2013-06-14","TARIH_KAPANIS":null}},{"type":"Feature","id":319,"geometry":{"type":"Point","coordinates":[28.7912134672975,41.0974989734192,0]},"properties":{"OBJECTID":319,"TUR":"2","KOD":"M3","AD":"Başak Konutları","IKON_URL":"https://upload.wikimedia.org/wikipedia/commons/e/e8/Istanbul_M3_Line_Symbol.svg","RENK_HEX":"#00A7E1","BOYUT_PT":2,"PR_DURUM":"1","PR_ACILIS":null,"PR_KURUM":null,"ACILIS":"2013-06-14","TARIH_KAPANIS":null}},{"type":"Feature","id":320,"geometry":{"type":"Point","coordinates":[28.8014641843271,41.1074916962351,0]},"properties":{"OBJECTID":320,"TUR":"2","KOD":"M3","AD":"Başakşehir-Metrokent","IKON_URL":"https://upload.wikimedia.org/wikipedia/commons/e/e8/Istanbul_M3_Line_Symbol.svg","RENK_HEX":"#00A7E1","BOYUT_PT":2,"PR_DURUM":"1","PR_ACILIS":null,"PR_KURUM":null,"ACILIS":"2013-06-14","TARIH_KAPANIS":null}},{"type":"Feature","id":321,"geometry":{"type":"Point","coordinates":[28.7904656521628,41.1133648345866,0]},"properties":{"OBJECTID":321,"TUR":"2","KOD":"M3","AD":"Onurkent","IKON_URL":"https://upload.wikimedia.org/wikipedia/commons/e/e8/Istanbul_M3_Line_Symbol.svg","RENK_HEX":"#00A7E1","BOYUT_PT":2,"PR_DURUM":"1","PR_ACILIS":null,"PR_KURUM":null,"ACILIS":"2023-04-08","TARIH_KAPANIS":null}},{"type":"Feature","id":322,"geometry":{"type":"Point","coordinates":[28.7779569226486,41.1033290907751,0]},"properties":{"OBJECTID":322,"TUR":"2","KOD":"M3","AD":"Şehir Hastanesi","IKON_URL":"https://upload.wikimedia.org/wikipedia/commons/e/e8/Istanbul_M3_Line_Symbol.svg","RENK_HEX":"#00A7E1","BOYUT_PT":2,"PR_DURUM":"1","PR_ACILIS":null,"PR_KURUM":null,"ACILIS":"2023-04-08","TARIH_KAPANIS":null}},{"type":"Feature","id":323,"geometry":{"type":"Point","coordinates":[28.767861767775,41.1074983646623,0]},"properties":{"OBJECTID":323,"TUR":"2","KOD":"M3","AD":"Toplu Konutlar","IKON_URL":"https://upload.wikimedia.org/wikipedia/commons/e/e8/Istanbul_M3_Line_Symbol.svg","RENK_HEX":"#00A7E1","BOYUT_PT":2,"PR_DURUM":"1","PR_ACILIS":null,"PR_KURUM":null,"ACILIS":"2023-04-08","TARIH_KAPANIS":null}},{"type":"Feature","id":324,"geometry":{"type":"Point","coordinates":[28.7673108337062,41.1197021904636,0]},"properties":{"OBJECTID":324,"TUR":"2","KOD":"M3","AD":"Kayaşehir Merkez","IKON_URL":"https://upload.wikimedia.org/wikipedia/commons/e/e8/Istanbul_M3_Line_Symbol.svg","RENK_HEX":"#00A7E1","BOYUT_PT":2,"PR_DURUM":"1","PR_ACILIS":null,"PR_KURUM":null,"ACILIS":"2023-04-08","TARIH_KAPANIS":null}},{"type":"Feature","id":325,"geometry":{"type":"Point","coordinates":[28.8226169706291,40.9996635047388,0]},"properties":{"OBJECTID":325,"TUR":"2","KOD":"M9","AD":"Çobançeşme-Kuyumcukent","IKON_URL":"https://upload.wikimedia.org/wikipedia/commons/d/db/Istanbul_M9_Line_Symbol.svg","RENK_HEX":"#FFD300","BOYUT_PT":2,"PR_DURUM":"1","PR_ACILIS":null,"PR_KURUM":null,"ACILIS":"2024-03-18","TARIH_KAPANIS":null}},{"type":"Feature","id":326,"geometry":{"type":"Point","coordinates":[28.818588332007,41.0062750089611,0]},"properties":{"OBJECTID":326,"TUR":"2","KOD":"M9","AD":"29 Ekim Cumhuriyet","IKON_URL":"https://upload.wikimedia.org/wikipedia/commons/d/db/Istanbul_M9_Line_Symbol.svg","RENK_HEX":"#FFD300","BOYUT_PT":2,"PR_DURUM":"1","PR_ACILIS":null,"PR_KURUM":null,"ACILIS":"2024-03-18","TARIH_KAPANIS":null}},{"type":"Feature","id":327,"geometry":{"type":"Point","coordinates":[28.8179710771175,41.0150817974175,0]},"properties":{"OBJECTID":327,"TUR":"2","KOD":"M9","AD":"Doğu Sanayi","IKON_URL":"https://upload.wikimedia.org/wikipedia/commons/d/db/Istanbul_M9_Line_Symbol.svg","RENK_HEX":"#FFD300","BOYUT_PT":2,"PR_DURUM":"1","PR_ACILIS":null,"PR_KURUM":null,"ACILIS":"2024-03-18","TARIH_KAPANIS":null}},{"type":"Feature","id":328,"geometry":{"type":"Point","coordinates":[28.8142094195945,41.0367476387864,0]},"properties":{"OBJECTID":328,"TUR":"2","KOD":"M9","AD":"15 Temmuz","IKON_URL":"https://upload.wikimedia.org/wikipedia/commons/d/db/Istanbul_M9_Line_Symbol.svg","RENK_HEX":"#FFD300","BOYUT_PT":2,"PR_DURUM":"1","PR_ACILIS":null,"PR_KURUM":null,"ACILIS":"2024-03-18","TARIH_KAPANIS":null}},{"type":"Feature","id":329,"geometry":{"type":"Point","coordinates":[28.8067984945703,41.0450641926883,0]},"properties":{"OBJECTID":329,"TUR":"2","KOD":"M9","AD":"Halkalı Caddesi","IKON_URL":"https://upload.wikimedia.org/wikipedia/commons/d/db/Istanbul_M9_Line_Symbol.svg","RENK_HEX":"#FFD300","BOYUT_PT":2,"PR_DURUM":"1","PR_ACILIS":null,"PR_KURUM":null,"ACILIS":"2024-03-18","TARIH_KAPANIS":null}},{"type":"Feature","id":330,"geometry":{"type":"Point","coordinates":[28.7992821971632,41.058662834234,0]},"properties":{"OBJECTID":330,"TUR":"2","KOD":"M9","AD":"Bahariye","IKON_URL":"https://upload.wikimedia.org/wikipedia/commons/d/db/Istanbul_M9_Line_Symbol.svg","RENK_HEX":"#FFD300","BOYUT_PT":2,"PR_DURUM":"1","PR_ACILIS":null,"PR_KURUM":null,"ACILIS":"2021-05-29","TARIH_KAPANIS":null}},{"type":"Feature","id":331,"geometry":{"type":"Point","coordinates":[28.8037951337247,41.0640201689083,0]},"properties":{"OBJECTID":331,"TUR":"2","KOD":"M9","AD":"MASKO","IKON_URL":"https://upload.wikimedia.org/wikipedia/commons/d/db/Istanbul_M9_Line_Symbol.svg","RENK_HEX":"#FFD300","BOYUT_PT":2,"PR_DURUM":"1","PR_ACILIS":null,"PR_KURUM":null,"ACILIS":"2021-05-29","TARIH_KAPANIS":null}},{"type":"Feature","id":332,"geometry":{"type":"Point","coordinates":[28.7864762573423,41.0745068001088,0]},"properties":{"OBJECTID":332,"TUR":"2","KOD":"M9","AD":"Ziya Gökalp Mahallesi","IKON_URL":"https://upload.wikimedia.org/wikipedia/commons/d/db/Istanbul_M9_Line_Symbol.svg","RENK_HEX":"#FFD300","BOYUT_PT":2,"PR_DURUM":"1","PR_ACILIS":null,"PR_KURUM":null,"ACILIS":"2013-11-22","TARIH_KAPANIS":null}},{"type":"Feature","id":333,"geometry":{"type":"Point","coordinates":[28.7672833793945,41.0795929219597,0]},"properties":{"OBJECTID":333,"TUR":"2","KOD":"M9","AD":"Olimpiyat","IKON_URL":"https://upload.wikimedia.org/wikipedia/commons/d/db/Istanbul_M9_Line_Symbol.svg","RENK_HEX":"#FFD300","BOYUT_PT":2,"PR_DURUM":"1","PR_ACILIS":null,"PR_KURUM":null,"ACILIS":"2013-11-22","TARIH_KAPANIS":null}},{"type":"Feature","id":334,"geometry":{"type":"Point","coordinates":[28.7697255465125,41.0780671101361,0]},"properties":{"OBJECTID":334,"TUR":"2","KOD":"M11","AD":"Olimpiyat","IKON_URL":"https://upload.wikimedia.org/wikipedia/commons/1/14/Istanbul_M11_Line_Symbol.svg","RENK_HEX":"#AB548F","BOYUT_PT":2,"PR_DURUM":"2","PR_ACILIS":null,"PR_KURUM":"UAB","ACILIS":null,"TARIH_KAPANIS":null}},{"type":"Feature","id":335,"geometry":{"type":"Point","coordinates":[28.7676770642711,41.025655404163,0]},"properties":{"OBJECTID":335,"TUR":"2","KOD":"M1B","AD":"Bezirganbahçe","IKON_URL":"https://upload.wikimedia.org/wikipedia/commons/6/62/Istanbul_M1B_Line_Symbol.svg","RENK_HEX":"#E1251B","BOYUT_PT":2,"PR_DURUM":"5","PR_ACILIS":null,"PR_KURUM":null,"ACILIS":null,"TARIH_KAPANIS":null}},{"type":"Feature","id":336,"geometry":{"type":"Point","coordinates":[28.7712212414605,41.033170755145,0]},"properties":{"OBJECTID":336,"TUR":"2","KOD":"M1B","AD":"Yenidoğan","IKON_URL":"https://upload.wikimedia.org/wikipedia/commons/6/62/Istanbul_M1B_Line_Symbol.svg","RENK_HEX":"#E1251B","BOYUT_PT":2,"PR_DURUM":"5","PR_ACILIS":null,"PR_KURUM":null,"ACILIS":null,"TARIH_KAPANIS":null}},{"type":"Feature","id":337,"geometry":{"type":"Point","coordinates":[28.7746409723386,41.0571384109458,0]},"properties":{"OBJECTID":337,"TUR":"2","KOD":"M11","AD":"Halkalı Stadı","IKON_URL":"https://upload.wikimedia.org/wikipedia/commons/1/14/Istanbul_M11_Line_Symbol.svg","RENK_HEX":"#AB548F","BOYUT_PT":2,"PR_DURUM":"2","PR_ACILIS":null,"PR_KURUM":"UAB","ACILIS":null,"TARIH_KAPANIS":null}},{"type":"Feature","id":338,"geometry":{"type":"Point","coordinates":[28.7661912202485,41.1170508302322,0]},"properties":{"OBJECTID":338,"TUR":"2","KOD":"M11","AD":"Kayaşehir Merkez","IKON_URL":"https://upload.wikimedia.org/wikipedia/commons/1/14/Istanbul_M11_Line_Symbol.svg","RENK_HEX":"#AB548F","BOYUT_PT":2,"PR_DURUM":"2","PR_ACILIS":null,"PR_KURUM":"UAB","ACILIS":null,"TARIH_KAPANIS":null}},{"type":"Feature","id":339,"geometry":{"type":"Point","coordinates":[28.7950272621413,41.1394051263254,0]},"properties":{"OBJECTID":339,"TUR":"2","KOD":"M11","AD":"Fenertepe","IKON_URL":"https://upload.wikimedia.org/wikipedia/commons/1/14/Istanbul_M11_Line_Symbol.svg","RENK_HEX":"#AB548F","BOYUT_PT":2,"PR_DURUM":"2","PR_ACILIS":null,"PR_KURUM":"UAB","ACILIS":null,"TARIH_KAPANIS":null}},{"type":"Feature","id":340,"geometry":{"type":"Point","coordinates":[28.7465977323116,41.1789667329746,0]},"properties":{"OBJECTID":340,"TUR":"2","KOD":"M11","AD":"Arnavutköy Hastane","IKON_URL":"https://upload.wikimedia.org/wikipedia/commons/1/14/Istanbul_M11_Line_Symbol.svg","RENK_HEX":"#AB548F","BOYUT_PT":2,"PR_DURUM":"1","PR_ACILIS":null,"PR_KURUM":null,"ACILIS":"2024-03-19","TARIH_KAPANIS":null}},{"type":"Feature","id":341,"geometry":{"type":"Point","coordinates":[28.7159842316954,41.2070560691451,0]},"properties":{"OBJECTID":341,"TUR":"2","KOD":"M11","AD":"Taşoluk","IKON_URL":"https://upload.wikimedia.org/wikipedia/commons/1/14/Istanbul_M11_Line_Symbol.svg","RENK_HEX":"#AB548F","BOYUT_PT":2,"PR_DURUM":"1","PR_ACILIS":null,"PR_KURUM":null,"ACILIS":"2024-03-19","TARIH_KAPANIS":null}},{"type":"Feature","id":342,"geometry":{"type":"Point","coordinates":[28.7127056315383,41.2554333427431,0]},"properties":{"OBJECTID":342,"TUR":"2","KOD":"M11","AD":"Kargo Terminali","IKON_URL":"https://upload.wikimedia.org/wikipedia/commons/1/14/Istanbul_M11_Line_Symbol.svg","RENK_HEX":"#AB548F","BOYUT_PT":2,"PR_DURUM":"1","PR_ACILIS":null,"PR_KURUM":null,"ACILIS":"2023-01-22","TARIH_KAPANIS":null}},{"type":"Feature","id":343,"geometry":{"type":"Point","coordinates":[28.7426866894484,41.2559400647529,0]},"properties":{"OBJECTID":343,"TUR":"2","KOD":"M11","AD":"İstanbul Havalimanı","IKON_URL":"https://upload.wikimedia.org/wikipedia/commons/1/14/Istanbul_M11_Line_Symbol.svg","RENK_HEX":"#AB548F","BOYUT_PT":2,"PR_DURUM":"1","PR_ACILIS":null,"PR_KURUM":null,"ACILIS":"2023-01-22","TARIH_KAPANIS":null}},{"type":"Feature","id":344,"geometry":{"type":"Point","coordinates":[28.7684994045401,41.2564007467532,0]},"properties":{"OBJECTID":344,"TUR":"2","KOD":"M11","AD":"Terminal 2","IKON_URL":"https://upload.wikimedia.org/wikipedia/commons/1/14/Istanbul_M11_Line_Symbol.svg","RENK_HEX":"#AB548F","BOYUT_PT":2,"PR_DURUM":"1","PR_ACILIS":null,"PR_KURUM":null,"ACILIS":"2023-01-22","TARIH_KAPANIS":null}},{"type":"Feature","id":345,"geometry":{"type":"Point","coordinates":[28.8090082738124,41.2428580496335,0]},"properties":{"OBJECTID":345,"TUR":"2","KOD":"M11","AD":"İhsaniye","IKON_URL":"https://upload.wikimedia.org/wikipedia/commons/1/14/Istanbul_M11_Line_Symbol.svg","RENK_HEX":"#AB548F","BOYUT_PT":2,"PR_DURUM":"1","PR_ACILIS":null,"PR_KURUM":null,"ACILIS":"2023-01-22","TARIH_KAPANIS":null}},{"type":"Feature","id":346,"geometry":{"type":"Point","coordinates":[28.8836615860112,41.1769789221977,0]},"properties":{"OBJECTID":346,"TUR":"2","KOD":"M11","AD":"Göktürk","IKON_URL":"https://upload.wikimedia.org/wikipedia/commons/1/14/Istanbul_M11_Line_Symbol.svg","RENK_HEX":"#AB548F","BOYUT_PT":2,"PR_DURUM":"1","PR_ACILIS":null,"PR_KURUM":null,"ACILIS":"2023-01-22","TARIH_KAPANIS":null}},{"type":"Feature","id":347,"geometry":{"type":"Point","coordinates":[28.9101749852278,41.1591598676779,0]},"properties":{"OBJECTID":347,"TUR":"2","KOD":"M11","AD":"Kemerburgaz","IKON_URL":"https://upload.wikimedia.org/wikipedia/commons/1/14/Istanbul_M11_Line_Symbol.svg","RENK_HEX":"#AB548F","BOYUT_PT":2,"PR_DURUM":"1","PR_ACILIS":null,"PR_KURUM":null,"ACILIS":"2023-01-22","TARIH_KAPANIS":null}},{"type":"Feature","id":348,"geometry":{"type":"Point","coordinates":[28.9468655150793,41.1212728519293,0]},"properties":{"OBJECTID":348,"TUR":"2","KOD":"M11","AD":"Hasdal","IKON_URL":"https://upload.wikimedia.org/wikipedia/commons/1/14/Istanbul_M11_Line_Symbol.svg","RENK_HEX":"#AB548F","BOYUT_PT":2,"PR_DURUM":"1","PR_ACILIS":null,"PR_KURUM":null,"ACILIS":"2023-01-22","TARIH_KAPANIS":null}},{"type":"Feature","id":349,"geometry":{"type":"Point","coordinates":[28.9762941135813,41.0801788912273,0]},"properties":{"OBJECTID":349,"TUR":"2","KOD":"M11","AD":"Kağıthane","IKON_URL":"https://upload.wikimedia.org/wikipedia/commons/1/14/Istanbul_M11_Line_Symbol.svg","RENK_HEX":"#AB548F","BOYUT_PT":2,"PR_DURUM":"1","PR_ACILIS":null,"PR_KURUM":null,"ACILIS":"2023-01-22","TARIH_KAPANIS":null}},{"type":"Feature","id":350,"geometry":{"type":"Point","coordinates":[28.9945955699164,41.1031405763479,0]},"properties":{"OBJECTID":350,"TUR":"4","KOD":"F3","AD":"Seyrantepe","IKON_URL":"https://upload.wikimedia.org/wikipedia/commons/1/1d/Istanbul_F3_Line_Symbol.svg","RENK_HEX":"#7A7157","BOYUT_PT":2,"PR_DURUM":"1","PR_ACILIS":null,"PR_KURUM":null,"ACILIS":"2017-10-29","TARIH_KAPANIS":null}},{"type":"Feature","id":351,"geometry":{"type":"Point","coordinates":[28.9882983276725,41.1075384659109,0]},"properties":{"OBJECTID":351,"TUR":"4","KOD":"F3","AD":"Vadistanbul","IKON_URL":"https://upload.wikimedia.org/wikipedia/commons/1/1d/Istanbul_F3_Line_Symbol.svg","RENK_HEX":"#7A7157","BOYUT_PT":2,"PR_DURUM":"1","PR_ACILIS":null,"PR_KURUM":null,"ACILIS":"2017-10-29","TARIH_KAPANIS":null}},{"type":"Feature","id":352,"geometry":{"type":"Point","coordinates":[28.9807526454742,41.0349323060092,0]},"properties":{"OBJECTID":352,"TUR":"3","KOD":"T2","AD":"Hüseyin Ağa Camii","IKON_URL":"https://upload.wikimedia.org/wikipedia/commons/d/d0/Istanbul_T2_Line_Symbol.svg","RENK_HEX":"#90ABA0","BOYUT_PT":1,"PR_DURUM":"1","PR_ACILIS":null,"PR_KURUM":null,"ACILIS":"1990-12-29","TARIH_KAPANIS":null}},{"type":"Feature","id":353,"geometry":{"type":"Point","coordinates":[28.9775626039328,41.033643462524,0]},"properties":{"OBJECTID":353,"TUR":"3","KOD":"T2","AD":"Galatasaray Lisesi","IKON_URL":"https://upload.wikimedia.org/wikipedia/commons/d/d0/Istanbul_T2_Line_Symbol.svg","RENK_HEX":"#90ABA0","BOYUT_PT":1,"PR_DURUM":"1","PR_ACILIS":null,"PR_KURUM":null,"ACILIS":"1990-12-29","TARIH_KAPANIS":null}},{"type":"Feature","id":354,"geometry":{"type":"Point","coordinates":[28.9760903639968,41.0317209993534,0]},"properties":{"OBJECTID":354,"TUR":"3","KOD":"T2","AD":"Odakule","IKON_URL":"https://upload.wikimedia.org/wikipedia/commons/d/d0/Istanbul_T2_Line_Symbol.svg","RENK_HEX":"#90ABA0","BOYUT_PT":1,"PR_DURUM":"1","PR_ACILIS":null,"PR_KURUM":null,"ACILIS":"1990-12-29","TARIH_KAPANIS":null}},{"type":"Feature","id":355,"geometry":{"type":"Point","coordinates":[28.9431239834119,41.0109840985495,0]},"properties":{"OBJECTID":355,"TUR":"3","KOD":"T1","AD":"Haseki","IKON_URL":"https://upload.wikimedia.org/wikipedia/commons/8/84/Istanbul_T1_Line_Symbol.svg","RENK_HEX":"#004987","BOYUT_PT":1,"PR_DURUM":"1","PR_ACILIS":null,"PR_KURUM":null,"ACILIS":"1992-12-29","TARIH_KAPANIS":null}},{"type":"Feature","id":356,"geometry":{"type":"Point","coordinates":[28.7486018135233,41.055915620597,0]},"properties":{"OBJECTID":356,"TUR":"1","KOD":"B2","AD":"Altınşehir","IKON_URL":"https://upload.wikimedia.org/wikipedia/commons/c/c8/Istanbul_B2_Line_Symbol.svg","RENK_HEX":"#77787B","BOYUT_PT":2,"PR_DURUM":"1","PR_ACILIS":null,"PR_KURUM":null,"ACILIS":"2022-05-23","TARIH_KAPANIS":null}},{"type":"Feature","id":357,"geometry":{"type":"Point","coordinates":[28.9361182201404,41.0051246226091,0]},"properties":{"OBJECTID":357,"TUR":"2","KOD":"M2","AD":"Kocamustafapaşa","IKON_URL":"https://upload.wikimedia.org/wikipedia/commons/3/3a/Istanbul_M2_Line_Symbol.svg","RENK_HEX":"#009845","BOYUT_PT":2,"PR_DURUM":"8","PR_ACILIS":null,"PR_KURUM":null,"ACILIS":null,"TARIH_KAPANIS":null}},{"type":"Feature","id":358,"geometry":{"type":"Point","coordinates":[28.9221476666559,41.0026318569662,0]},"properties":{"OBJECTID":358,"TUR":"2","KOD":"M2","AD":"Silivrikapı","IKON_URL":"https://upload.wikimedia.org/wikipedia/commons/3/3a/Istanbul_M2_Line_Symbol.svg","RENK_HEX":"#009845","BOYUT_PT":2,"PR_DURUM":"8","PR_ACILIS":null,"PR_KURUM":null,"ACILIS":null,"TARIH_KAPANIS":null}},{"type":"Feature","id":359,"geometry":{"type":"Point","coordinates":[28.9062905100392,40.9942775641286,0]},"properties":{"OBJECTID":359,"TUR":"2","KOD":"M2","AD":"Zeytinburnu Adliye","IKON_URL":"https://upload.wikimedia.org/wikipedia/commons/3/3a/Istanbul_M2_Line_Symbol.svg","RENK_HEX":"#009845","BOYUT_PT":2,"PR_DURUM":"8","PR_ACILIS":null,"PR_KURUM":null,"ACILIS":null,"TARIH_KAPANIS":null}},{"type":"Feature","id":360,"geometry":{"type":"Point","coordinates":[28.8880907995881,40.9943549065101,0]},"properties":{"OBJECTID":360,"TUR":"2","KOD":"M2","AD":"Osmaniye","IKON_URL":"https://upload.wikimedia.org/wikipedia/commons/3/3a/Istanbul_M2_Line_Symbol.svg","RENK_HEX":"#009845","BOYUT_PT":2,"PR_DURUM":"8","PR_ACILIS":null,"PR_KURUM":null,"ACILIS":null,"TARIH_KAPANIS":null}},{"type":"Feature","id":361,"geometry":{"type":"Point","coordinates":[28.8757516764911,40.9971230578646,0]},"properties":{"OBJECTID":361,"TUR":"2","KOD":"M2","AD":"Bakırköy-İncirli","IKON_URL":"https://upload.wikimedia.org/wikipedia/commons/3/3a/Istanbul_M2_Line_Symbol.svg","RENK_HEX":"#009845","BOYUT_PT":2,"PR_DURUM":"5","PR_ACILIS":null,"PR_KURUM":null,"ACILIS":null,"TARIH_KAPANIS":null}},{"type":"Feature","id":362,"geometry":{"type":"Point","coordinates":[28.8624248305863,41.0001021136551,0]},"properties":{"OBJECTID":362,"TUR":"2","KOD":"M2","AD":"Adnan Kahveci","IKON_URL":"https://upload.wikimedia.org/wikipedia/commons/3/3a/Istanbul_M2_Line_Symbol.svg","RENK_HEX":"#009845","BOYUT_PT":2,"PR_DURUM":"5","PR_ACILIS":null,"PR_KURUM":null,"ACILIS":null,"TARIH_KAPANIS":null}},{"type":"Feature","id":363,"geometry":{"type":"Point","coordinates":[28.8514238801573,40.9999112021925,0]},"properties":{"OBJECTID":363,"TUR":"2","KOD":"M2","AD":"Siyavuşpaşa","IKON_URL":"https://upload.wikimedia.org/wikipedia/commons/3/3a/Istanbul_M2_Line_Symbol.svg","RENK_HEX":"#009845","BOYUT_PT":2,"PR_DURUM":"5","PR_ACILIS":null,"PR_KURUM":null,"ACILIS":null,"TARIH_KAPANIS":null}},{"type":"Feature","id":364,"geometry":{"type":"Point","coordinates":[28.8375525015784,41.0008748623443,0]},"properties":{"OBJECTID":364,"TUR":"2","KOD":"M2","AD":"Zafer","IKON_URL":"https://upload.wikimedia.org/wikipedia/commons/3/3a/Istanbul_M2_Line_Symbol.svg","RENK_HEX":"#009845","BOYUT_PT":2,"PR_DURUM":"5","PR_ACILIS":null,"PR_KURUM":null,"ACILIS":null,"TARIH_KAPANIS":null}},{"type":"Feature","id":365,"geometry":{"type":"Point","coordinates":[28.8235381866648,41.0005867159406,0]},"properties":{"OBJECTID":365,"TUR":"2","KOD":"M2","AD":"Çobançeşme","IKON_URL":"https://upload.wikimedia.org/wikipedia/commons/3/3a/Istanbul_M2_Line_Symbol.svg","RENK_HEX":"#009845","BOYUT_PT":2,"PR_DURUM":"5","PR_ACILIS":null,"PR_KURUM":null,"ACILIS":null,"TARIH_KAPANIS":null}},{"type":"Feature","id":366,"geometry":{"type":"Point","coordinates":[28.7977041482632,40.998732205862,0]},"properties":{"OBJECTID":366,"TUR":"2","KOD":"M20","AD":"Sefaköy","IKON_URL":"https://upload.wikimedia.org/wikipedia/commons/b/b3/Istanbul_M20_Line_Symbol.svg","RENK_HEX":"#9D9D9C","BOYUT_PT":2,"PR_DURUM":"5","PR_ACILIS":null,"PR_KURUM":null,"ACILIS":null,"TARIH_KAPANIS":null}},{"type":"Feature","id":367,"geometry":{"type":"Point","coordinates":[28.7838710810346,40.9879052782744,0]},"properties":{"OBJECTID":367,"TUR":"2","KOD":"M20","AD":"Cennet","IKON_URL":"https://upload.wikimedia.org/wikipedia/commons/b/b3/Istanbul_M20_Line_Symbol.svg","RENK_HEX":"#9D9D9C","BOYUT_PT":2,"PR_DURUM":"5","PR_ACILIS":null,"PR_KURUM":null,"ACILIS":null,"TARIH_KAPANIS":null}},{"type":"Feature","id":368,"geometry":{"type":"Point","coordinates":[28.7685892594247,40.9870755615986,0]},"properties":{"OBJECTID":368,"TUR":"2","KOD":"M20","AD":"Küçükçekmece","IKON_URL":"https://upload.wikimedia.org/wikipedia/commons/b/b3/Istanbul_M20_Line_Symbol.svg","RENK_HEX":"#9D9D9C","BOYUT_PT":2,"PR_DURUM":"5","PR_ACILIS":null,"PR_KURUM":null,"ACILIS":null,"TARIH_KAPANIS":null}},{"type":"Feature","id":369,"geometry":{"type":"Point","coordinates":[28.7432372812591,40.9761960505528,0]},"properties":{"OBJECTID":369,"TUR":"2","KOD":"M20","AD":"Reşitpaşa","IKON_URL":"https://upload.wikimedia.org/wikipedia/commons/b/b3/Istanbul_M20_Line_Symbol.svg","RENK_HEX":"#9D9D9C","BOYUT_PT":2,"PR_DURUM":"5","PR_ACILIS":null,"PR_KURUM":null,"ACILIS":null,"TARIH_KAPANIS":null}},{"type":"Feature","id":370,"geometry":{"type":"Point","coordinates":[28.7220534473842,40.9842221707043,0]},"properties":{"OBJECTID":370,"TUR":"2","KOD":"M20","AD":"Avcılar Merkez","IKON_URL":"https://upload.wikimedia.org/wikipedia/commons/b/b3/Istanbul_M20_Line_Symbol.svg","RENK_HEX":"#9D9D9C","BOYUT_PT":2,"PR_DURUM":"5","PR_ACILIS":null,"PR_KURUM":null,"ACILIS":null,"TARIH_KAPANIS":null}},{"type":"Feature","id":371,"geometry":{"type":"Point","coordinates":[28.7107742617623,40.9921060612511,0]},"properties":{"OBJECTID":371,"TUR":"2","KOD":"M20","AD":"Cihangir","IKON_URL":"https://upload.wikimedia.org/wikipedia/commons/b/b3/Istanbul_M20_Line_Symbol.svg","RENK_HEX":"#9D9D9C","BOYUT_PT":2,"PR_DURUM":"5","PR_ACILIS":null,"PR_KURUM":null,"ACILIS":null,"TARIH_KAPANIS":null}},{"type":"Feature","id":372,"geometry":{"type":"Point","coordinates":[28.7000985562633,40.9971319843692,0]},"properties":{"OBJECTID":372,"TUR":"2","KOD":"M7","AD":"Saadetdere","IKON_URL":"https://upload.wikimedia.org/wikipedia/commons/6/6d/Istanbul_M7_Line_Symbol.svg","RENK_HEX":"#F29EBF","BOYUT_PT":2,"PR_DURUM":"5","PR_ACILIS":null,"PR_KURUM":null,"ACILIS":null,"TARIH_KAPANIS":null}},{"type":"Feature","id":373,"geometry":{"type":"Point","coordinates":[28.7016077196525,40.9972947352302,0]},"properties":{"OBJECTID":373,"TUR":"2","KOD":"M20","AD":"Saadetdere","IKON_URL":"https://upload.wikimedia.org/wikipedia/commons/b/b3/Istanbul_M20_Line_Symbol.svg","RENK_HEX":"#9D9D9C","BOYUT_PT":2,"PR_DURUM":"5","PR_ACILIS":null,"PR_KURUM":null,"ACILIS":null,"TARIH_KAPANIS":null}},{"type":"Feature","id":374,"geometry":{"type":"Point","coordinates":[28.6586625088369,41.0083275149009,0]},"properties":{"OBJECTID":374,"TUR":"2","KOD":"M20","AD":"Beylikdüzü","IKON_URL":"https://upload.wikimedia.org/wikipedia/commons/b/b3/Istanbul_M20_Line_Symbol.svg","RENK_HEX":"#9D9D9C","BOYUT_PT":2,"PR_DURUM":"5","PR_ACILIS":null,"PR_KURUM":null,"ACILIS":null,"TARIH_KAPANIS":null}},{"type":"Feature","id":375,"geometry":{"type":"Point","coordinates":[28.6594421018747,41.0069501395501,0]},"properties":{"OBJECTID":375,"TUR":"2","KOD":"M34","AD":"Beylikdüzü","IKON_URL":"https://upload.wikimedia.org/wikipedia/commons/6/6c/Istanbul_M34_Line_Symbol.svg","RENK_HEX":"#9D9D9C","BOYUT_PT":2,"PR_DURUM":"6","PR_ACILIS":null,"PR_KURUM":null,"ACILIS":null,"TARIH_KAPANIS":null}},{"type":"Feature","id":376,"geometry":{"type":"Point","coordinates":[28.641662037612,41.015011012795,0]},"properties":{"OBJECTID":376,"TUR":"2","KOD":"M20","AD":"Yıldırım Beyazıt","IKON_URL":"https://upload.wikimedia.org/wikipedia/commons/b/b3/Istanbul_M20_Line_Symbol.svg","RENK_HEX":"#9D9D9C","BOYUT_PT":2,"PR_DURUM":"5","PR_ACILIS":null,"PR_KURUM":null,"ACILIS":null,"TARIH_KAPANIS":null}},{"type":"Feature","id":377,"geometry":{"type":"Point","coordinates":[28.6247835234667,41.0238947931309,0]},"properties":{"OBJECTID":377,"TUR":"2","KOD":"M20","AD":"TÜYAP","IKON_URL":"https://upload.wikimedia.org/wikipedia/commons/b/b3/Istanbul_M20_Line_Symbol.svg","RENK_HEX":"#9D9D9C","BOYUT_PT":2,"PR_DURUM":"5","PR_ACILIS":null,"PR_KURUM":null,"ACILIS":null,"TARIH_KAPANIS":null}},{"type":"Feature","id":378,"geometry":{"type":"Point","coordinates":[28.7002953358196,41.0105990708414,0]},"properties":{"OBJECTID":378,"TUR":"2","KOD":"M7","AD":"Firuzköy","IKON_URL":"https://upload.wikimedia.org/wikipedia/commons/6/6d/Istanbul_M7_Line_Symbol.svg","RENK_HEX":"#F29EBF","BOYUT_PT":2,"PR_DURUM":"5","PR_ACILIS":null,"PR_KURUM":null,"ACILIS":null,"TARIH_KAPANIS":null}},{"type":"Feature","id":379,"geometry":{"type":"Point","coordinates":[28.6888742693833,41.0180912051222,0]},"properties":{"OBJECTID":379,"TUR":"2","KOD":"M7","AD":"Esenyurt Belediye","IKON_URL":"https://upload.wikimedia.org/wikipedia/commons/6/6d/Istanbul_M7_Line_Symbol.svg","RENK_HEX":"#F29EBF","BOYUT_PT":2,"PR_DURUM":"5","PR_ACILIS":null,"PR_KURUM":null,"ACILIS":null,"TARIH_KAPANIS":null}},{"type":"Feature","id":380,"geometry":{"type":"Point","coordinates":[28.6834981407671,41.0264613021787,0]},"properties":{"OBJECTID":380,"TUR":"2","KOD":"M7","AD":"Nazım Hikmet","IKON_URL":"https://upload.wikimedia.org/wikipedia/commons/6/6d/Istanbul_M7_Line_Symbol.svg","RENK_HEX":"#F29EBF","BOYUT_PT":2,"PR_DURUM":"5","PR_ACILIS":null,"PR_KURUM":null,"ACILIS":null,"TARIH_KAPANIS":null}},{"type":"Feature","id":381,"geometry":{"type":"Point","coordinates":[28.6838411112543,41.0273841148856,0]},"properties":{"OBJECTID":381,"TUR":"2","KOD":"M34","AD":"Nazım Hikmet","IKON_URL":"https://upload.wikimedia.org/wikipedia/commons/6/6c/Istanbul_M34_Line_Symbol.svg","RENK_HEX":"#9D9D9C","BOYUT_PT":2,"PR_DURUM":"6","PR_ACILIS":null,"PR_KURUM":null,"ACILIS":null,"TARIH_KAPANIS":null}},{"type":"Feature","id":382,"geometry":{"type":"Point","coordinates":[28.6220535145722,41.1549343658451,0]},"properties":{"OBJECTID":382,"TUR":"2","KOD":"M","AD":"Hadımköy","IKON_URL":"https://upload.wikimedia.org/wikipedia/commons/3/32/Istanbul_public_transport_-_M_symbol.svg","RENK_HEX":"#9D9D9C","BOYUT_PT":2,"PR_DURUM":"8","PR_ACILIS":null,"PR_KURUM":null,"ACILIS":null,"TARIH_KAPANIS":null}},{"type":"Feature","id":383,"geometry":{"type":"Point","coordinates":[28.6455705615991,41.1301775339331,0]},"properties":{"OBJECTID":383,"TUR":"2","KOD":"M","AD":"Ömerli Sanayi","IKON_URL":"https://upload.wikimedia.org/wikipedia/commons/3/32/Istanbul_public_transport_-_M_symbol.svg","RENK_HEX":"#9D9D9C","BOYUT_PT":2,"PR_DURUM":"8","PR_ACILIS":null,"PR_KURUM":null,"ACILIS":null,"TARIH_KAPANIS":null}},{"type":"Feature","id":384,"geometry":{"type":"Point","coordinates":[28.6579135214007,41.1163220410891,0]},"properties":{"OBJECTID":384,"TUR":"2","KOD":"M","AD":"Deliklikaya Sanayi","IKON_URL":"https://upload.wikimedia.org/wikipedia/commons/3/32/Istanbul_public_transport_-_M_symbol.svg","RENK_HEX":"#9D9D9C","BOYUT_PT":2,"PR_DURUM":"8","PR_ACILIS":null,"PR_KURUM":null,"ACILIS":null,"TARIH_KAPANIS":null}},{"type":"Feature","id":385,"geometry":{"type":"Point","coordinates":[28.6512548446972,41.0995276744763,0]},"properties":{"OBJECTID":385,"TUR":"2","KOD":"M","AD":"Deliklikaya Köyü","IKON_URL":"https://upload.wikimedia.org/wikipedia/commons/3/32/Istanbul_public_transport_-_M_symbol.svg","RENK_HEX":"#9D9D9C","BOYUT_PT":2,"PR_DURUM":"8","PR_ACILIS":null,"PR_KURUM":null,"ACILIS":null,"TARIH_KAPANIS":null}},{"type":"Feature","id":386,"geometry":{"type":"Point","coordinates":[28.6485158158189,41.0881388944753,0]},"properties":{"OBJECTID":386,"TUR":"2","KOD":"M","AD":"Bahçekent","IKON_URL":"https://upload.wikimedia.org/wikipedia/commons/3/32/Istanbul_public_transport_-_M_symbol.svg","RENK_HEX":"#9D9D9C","BOYUT_PT":2,"PR_DURUM":"8","PR_ACILIS":null,"PR_KURUM":null,"ACILIS":null,"TARIH_KAPANIS":null}},{"type":"Feature","id":387,"geometry":{"type":"Point","coordinates":[28.6596214981319,41.072353550613,0]},"properties":{"OBJECTID":387,"TUR":"2","KOD":"M","AD":"Evren Sanayi","IKON_URL":"https://upload.wikimedia.org/wikipedia/commons/3/32/Istanbul_public_transport_-_M_symbol.svg","RENK_HEX":"#9D9D9C","BOYUT_PT":2,"PR_DURUM":"8","PR_ACILIS":null,"PR_KURUM":null,"ACILIS":null,"TARIH_KAPANIS":null}},{"type":"Feature","id":388,"geometry":{"type":"Point","coordinates":[28.6703321588752,41.0567350799129,0]},"properties":{"OBJECTID":388,"TUR":"2","KOD":"M","AD":"Esenkent","IKON_URL":"https://upload.wikimedia.org/wikipedia/commons/3/32/Istanbul_public_transport_-_M_symbol.svg","RENK_HEX":"#9D9D9C","BOYUT_PT":2,"PR_DURUM":"8","PR_ACILIS":null,"PR_KURUM":null,"ACILIS":null,"TARIH_KAPANIS":null}},{"type":"Feature","id":389,"geometry":{"type":"Point","coordinates":[28.6544202652133,41.0505904250361,0]},"properties":{"OBJECTID":389,"TUR":"2","KOD":"M","AD":"Esenyurt Mezarlık","IKON_URL":"https://upload.wikimedia.org/wikipedia/commons/3/32/Istanbul_public_transport_-_M_symbol.svg","RENK_HEX":"#9D9D9C","BOYUT_PT":2,"PR_DURUM":"8","PR_ACILIS":null,"PR_KURUM":null,"ACILIS":null,"TARIH_KAPANIS":null}},{"type":"Feature","id":390,"geometry":{"type":"Point","coordinates":[28.6462034893955,41.037809751689,0]},"properties":{"OBJECTID":390,"TUR":"2","KOD":"M","AD":"Kıraç","IKON_URL":"https://upload.wikimedia.org/wikipedia/commons/3/32/Istanbul_public_transport_-_M_symbol.svg","RENK_HEX":"#9D9D9C","BOYUT_PT":2,"PR_DURUM":"8","PR_ACILIS":null,"PR_KURUM":null,"ACILIS":null,"TARIH_KAPANIS":null}},{"type":"Feature","id":391,"geometry":{"type":"Point","coordinates":[28.6540554809359,41.0218297479937,0]},"properties":{"OBJECTID":391,"TUR":"2","KOD":"M","AD":"Yeşilkent","IKON_URL":"https://upload.wikimedia.org/wikipedia/commons/3/32/Istanbul_public_transport_-_M_symbol.svg","RENK_HEX":"#9D9D9C","BOYUT_PT":2,"PR_DURUM":"8","PR_ACILIS":null,"PR_KURUM":null,"ACILIS":null,"TARIH_KAPANIS":null}},{"type":"Feature","id":392,"geometry":{"type":"Point","coordinates":[28.6557722647502,41.009103874436,0]},"properties":{"OBJECTID":392,"TUR":"2","KOD":"M","AD":"Beylikdüzü","IKON_URL":"https://upload.wikimedia.org/wikipedia/commons/3/32/Istanbul_public_transport_-_M_symbol.svg","RENK_HEX":"#9D9D9C","BOYUT_PT":2,"PR_DURUM":"8","PR_ACILIS":null,"PR_KURUM":null,"ACILIS":null,"TARIH_KAPANIS":null}},{"type":"Feature","id":393,"geometry":{"type":"Point","coordinates":[28.6584499782204,40.9966068982797,0]},"properties":{"OBJECTID":393,"TUR":"2","KOD":"M","AD":"Kavaklı","IKON_URL":"https://upload.wikimedia.org/wikipedia/commons/3/32/Istanbul_public_transport_-_M_symbol.svg","RENK_HEX":"#9D9D9C","BOYUT_PT":2,"PR_DURUM":"8","PR_ACILIS":null,"PR_KURUM":null,"ACILIS":null,"TARIH_KAPANIS":null}},{"type":"Feature","id":394,"geometry":{"type":"Point","coordinates":[28.6669616889123,40.9902822053209,0]},"properties":{"OBJECTID":394,"TUR":"2","KOD":"M","AD":"Yakuplu","IKON_URL":"https://upload.wikimedia.org/wikipedia/commons/3/32/Istanbul_public_transport_-_M_symbol.svg","RENK_HEX":"#9D9D9C","BOYUT_PT":2,"PR_DURUM":"8","PR_ACILIS":null,"PR_KURUM":null,"ACILIS":null,"TARIH_KAPANIS":null}},{"type":"Feature","id":395,"geometry":{"type":"Point","coordinates":[28.6730176319929,40.9781682627519,0]},"properties":{"OBJECTID":395,"TUR":"2","KOD":"M","AD":"İhlas","IKON_URL":"https://upload.wikimedia.org/wikipedia/commons/3/32/Istanbul_public_transport_-_M_symbol.svg","RENK_HEX":"#9D9D9C","BOYUT_PT":2,"PR_DURUM":"8","PR_ACILIS":null,"PR_KURUM":null,"ACILIS":null,"TARIH_KAPANIS":null}},{"type":"Feature","id":396,"geometry":{"type":"Point","coordinates":[28.7692997908818,41.0204202039217,0]},"properties":{"OBJECTID":396,"TUR":"2","KOD":"M34","AD":"Halkalı","IKON_URL":"https://upload.wikimedia.org/wikipedia/commons/6/6c/Istanbul_M34_Line_Symbol.svg","RENK_HEX":"#9D9D9C","BOYUT_PT":2,"PR_DURUM":"6","PR_ACILIS":null,"PR_KURUM":null,"ACILIS":null,"TARIH_KAPANIS":null}},{"type":"Feature","id":397,"geometry":{"type":"Point","coordinates":[28.8426596305812,41.0314648967264,0]},"properties":{"OBJECTID":397,"TUR":"2","KOD":"M34","AD":"Kirazlı","IKON_URL":"https://upload.wikimedia.org/wikipedia/commons/6/6c/Istanbul_M34_Line_Symbol.svg","RENK_HEX":"#9D9D9C","BOYUT_PT":2,"PR_DURUM":"6","PR_ACILIS":null,"PR_KURUM":null,"ACILIS":null,"TARIH_KAPANIS":null}},{"type":"Feature","id":398,"geometry":{"type":"Point","coordinates":[28.8952435290367,41.0403222764478,0]},"properties":{"OBJECTID":398,"TUR":"2","KOD":"M34","AD":"Otogar","IKON_URL":"https://upload.wikimedia.org/wikipedia/commons/6/6c/Istanbul_M34_Line_Symbol.svg","RENK_HEX":"#9D9D9C","BOYUT_PT":2,"PR_DURUM":"6","PR_ACILIS":null,"PR_KURUM":null,"ACILIS":null,"TARIH_KAPANIS":null}},{"type":"Feature","id":399,"geometry":{"type":"Point","coordinates":[28.9758232212009,41.0797258012466,0]},"properties":{"OBJECTID":399,"TUR":"2","KOD":"M34","AD":"Kağıthane","IKON_URL":"https://upload.wikimedia.org/wikipedia/commons/6/6c/Istanbul_M34_Line_Symbol.svg","RENK_HEX":"#9D9D9C","BOYUT_PT":2,"PR_DURUM":"6","PR_ACILIS":null,"PR_KURUM":null,"ACILIS":null,"TARIH_KAPANIS":null}},{"type":"Feature","id":400,"geometry":{"type":"Point","coordinates":[29.006462230378,41.0842511748463,0]},"properties":{"OBJECTID":400,"TUR":"2","KOD":"M34","AD":"4. Levent","IKON_URL":"https://upload.wikimedia.org/wikipedia/commons/6/6c/Istanbul_M34_Line_Symbol.svg","RENK_HEX":"#9D9D9C","BOYUT_PT":2,"PR_DURUM":"6","PR_ACILIS":null,"PR_KURUM":null,"ACILIS":null,"TARIH_KAPANIS":null}},{"type":"Feature","id":401,"geometry":{"type":"Point","coordinates":[29.0848390845823,41.0249068564042,0]},"properties":{"OBJECTID":401,"TUR":"2","KOD":"M34","AD":"Ümraniye","IKON_URL":"https://upload.wikimedia.org/wikipedia/commons/6/6c/Istanbul_M34_Line_Symbol.svg","RENK_HEX":"#9D9D9C","BOYUT_PT":2,"PR_DURUM":"6","PR_ACILIS":null,"PR_KURUM":null,"ACILIS":null,"TARIH_KAPANIS":null}},{"type":"Feature","id":402,"geometry":{"type":"Point","coordinates":[29.107085257129,40.9992800380213,0]},"properties":{"OBJECTID":402,"TUR":"2","KOD":"M34","AD":"Finans Merkezi","IKON_URL":"https://upload.wikimedia.org/wikipedia/commons/6/6c/Istanbul_M34_Line_Symbol.svg","RENK_HEX":"#9D9D9C","BOYUT_PT":2,"PR_DURUM":"6","PR_ACILIS":null,"PR_KURUM":null,"ACILIS":null,"TARIH_KAPANIS":null}},{"type":"Feature","id":403,"geometry":{"type":"Point","coordinates":[29.1537556924946,40.9917289791824,0]},"properties":{"OBJECTID":403,"TUR":"2","KOD":"M34","AD":"Mevlana","IKON_URL":"https://upload.wikimedia.org/wikipedia/commons/6/6c/Istanbul_M34_Line_Symbol.svg","RENK_HEX":"#9D9D9C","BOYUT_PT":2,"PR_DURUM":"6","PR_ACILIS":null,"PR_KURUM":null,"ACILIS":null,"TARIH_KAPANIS":null}},{"type":"Feature","id":404,"geometry":{"type":"Point","coordinates":[29.2294809409657,40.9920495194536,0]},"properties":{"OBJECTID":404,"TUR":"2","KOD":"M34","AD":"Sancaktepe","IKON_URL":"https://upload.wikimedia.org/wikipedia/commons/6/6c/Istanbul_M34_Line_Symbol.svg","RENK_HEX":"#9D9D9C","BOYUT_PT":2,"PR_DURUM":"6","PR_ACILIS":null,"PR_KURUM":null,"ACILIS":null,"TARIH_KAPANIS":null}},{"type":"Feature","id":405,"geometry":{"type":"Point","coordinates":[29.3191667859948,40.9392912788972,0]},"properties":{"OBJECTID":405,"TUR":"2","KOD":"M34","AD":"Kurtköy YHT/ViaPort","IKON_URL":"https://upload.wikimedia.org/wikipedia/commons/6/6c/Istanbul_M34_Line_Symbol.svg","RENK_HEX":"#9D9D9C","BOYUT_PT":2,"PR_DURUM":"6","PR_ACILIS":null,"PR_KURUM":null,"ACILIS":null,"TARIH_KAPANIS":null}},{"type":"Feature","id":406,"geometry":{"type":"Point","coordinates":[29.3192375588661,40.9397974042224,0]},"properties":{"OBJECTID":406,"TUR":"2","KOD":"M4-M10","AD":"Kurtköy YHT/ViaPort","IKON_URL":null,"RENK_HEX":"#E81F76","BOYUT_PT":2,"PR_DURUM":"5","PR_ACILIS":null,"PR_KURUM":null,"ACILIS":null,"TARIH_KAPANIS":null}},{"type":"Feature","id":407,"geometry":{"type":"Point","coordinates":[29.3193083317375,40.940303526348,0]},"properties":{"OBJECTID":407,"TUR":"2","KOD":"M5","AD":"Kurtköy YHT/ViaPort","IKON_URL":"https://upload.wikimedia.org/wikipedia/commons/b/bd/Istanbul_M5_Line_Symbol.svg","RENK_HEX":"#673065","BOYUT_PT":2,"PR_DURUM":"5","PR_ACILIS":null,"PR_KURUM":null,"ACILIS":null,"TARIH_KAPANIS":null}},{"type":"Feature","id":408,"geometry":{"type":"Point","coordinates":[29.3142874203408,40.9099487388059,0]},"properties":{"OBJECTID":408,"TUR":"2","KOD":"M34","AD":"Sabiha Gökçen Havalimanı","IKON_URL":"https://upload.wikimedia.org/wikipedia/commons/6/6c/Istanbul_M34_Line_Symbol.svg","RENK_HEX":"#9D9D9C","BOYUT_PT":2,"PR_DURUM":"6","PR_ACILIS":null,"PR_KURUM":null,"ACILIS":null,"TARIH_KAPANIS":null}},{"type":"Feature","id":409,"geometry":{"type":"Point","coordinates":[29.2792521091639,40.9560097656184,0]},"properties":{"OBJECTID":409,"TUR":"2","KOD":"M5","AD":"Gölet","IKON_URL":"https://upload.wikimedia.org/wikipedia/commons/b/bd/Istanbul_M5_Line_Symbol.svg","RENK_HEX":"#673065","BOYUT_PT":2,"PR_DURUM":"5","PR_ACILIS":null,"PR_KURUM":null,"ACILIS":null,"TARIH_KAPANIS":null}},{"type":"Feature","id":410,"geometry":{"type":"Point","coordinates":[29.2930310502016,40.9498942244907,0]},"properties":{"OBJECTID":410,"TUR":"2","KOD":"M5","AD":"Akşemsettin","IKON_URL":"https://upload.wikimedia.org/wikipedia/commons/b/bd/Istanbul_M5_Line_Symbol.svg","RENK_HEX":"#673065","BOYUT_PT":2,"PR_DURUM":"5","PR_ACILIS":null,"PR_KURUM":null,"ACILIS":null,"TARIH_KAPANIS":null}},{"type":"Feature","id":411,"geometry":{"type":"Point","coordinates":[29.3032437280706,40.9424164622717,0]},"properties":{"OBJECTID":411,"TUR":"2","KOD":"M5","AD":"Fuar Alanı","IKON_URL":"https://upload.wikimedia.org/wikipedia/commons/b/bd/Istanbul_M5_Line_Symbol.svg","RENK_HEX":"#673065","BOYUT_PT":2,"PR_DURUM":"5","PR_ACILIS":null,"PR_KURUM":null,"ACILIS":null,"TARIH_KAPANIS":null}},{"type":"Feature","id":412,"geometry":{"type":"Point","coordinates":[29.3126452712553,40.9206155258781,0]},"properties":{"OBJECTID":412,"TUR":"2","KOD":"M4-M10","AD":"Teknopark","IKON_URL":null,"RENK_HEX":"#E81F76","BOYUT_PT":2,"PR_DURUM":"5","PR_ACILIS":null,"PR_KURUM":null,"ACILIS":null,"TARIH_KAPANIS":null}},{"type":"Feature","id":413,"geometry":{"type":"Point","coordinates":[29.3101787903359,40.9273075121504,0]},"properties":{"OBJECTID":413,"TUR":"2","KOD":"M4-M10","AD":"Yenişehir","IKON_URL":null,"RENK_HEX":"#E81F76","BOYUT_PT":2,"PR_DURUM":"5","PR_ACILIS":null,"PR_KURUM":null,"ACILIS":null,"TARIH_KAPANIS":null}},{"type":"Feature","id":414,"geometry":{"type":"Point","coordinates":[29.2457450460842,41.0139998968839,0]},"properties":{"OBJECTID":414,"TUR":"2","KOD":"M13","AD":"Yenidoğan","IKON_URL":"https://upload.wikimedia.org/wikipedia/commons/a/a1/Istanbul_M13_Line_Symbol.svg","RENK_HEX":"#FF4B58","BOYUT_PT":2,"PR_DURUM":"4","PR_ACILIS":null,"PR_KURUM":"İBB","ACILIS":null,"TARIH_KAPANIS":null}},{"type":"Feature","id":415,"geometry":{"type":"Point","coordinates":[29.2284945755124,41.0275500838968,0]},"properties":{"OBJECTID":415,"TUR":"2","KOD":"M13","AD":"Cumhuriyet","IKON_URL":"https://upload.wikimedia.org/wikipedia/commons/a/a1/Istanbul_M13_Line_Symbol.svg","RENK_HEX":"#FF4B58","BOYUT_PT":2,"PR_DURUM":"4","PR_ACILIS":null,"PR_KURUM":"İBB","ACILIS":null,"TARIH_KAPANIS":null}},{"type":"Feature","id":416,"geometry":{"type":"Point","coordinates":[29.216015962018,41.0159964753093,0]},"properties":{"OBJECTID":416,"TUR":"2","KOD":"M13","AD":"Aydınlar","IKON_URL":"https://upload.wikimedia.org/wikipedia/commons/a/a1/Istanbul_M13_Line_Symbol.svg","RENK_HEX":"#FF4B58","BOYUT_PT":2,"PR_DURUM":"4","PR_ACILIS":null,"PR_KURUM":"İBB","ACILIS":null,"TARIH_KAPANIS":null}},{"type":"Feature","id":417,"geometry":{"type":"Point","coordinates":[29.2124769681079,41.010273100946,0]},"properties":{"OBJECTID":417,"TUR":"2","KOD":"M13","AD":"Sarıgazi","IKON_URL":"https://upload.wikimedia.org/wikipedia/commons/a/a1/Istanbul_M13_Line_Symbol.svg","RENK_HEX":"#FF4B58","BOYUT_PT":2,"PR_DURUM":"4","PR_ACILIS":null,"PR_KURUM":"İBB","ACILIS":null,"TARIH_KAPANIS":null}},{"type":"Feature","id":418,"geometry":{"type":"Point","coordinates":[29.2019008237902,41.0021914303665,0]},"properties":{"OBJECTID":418,"TUR":"2","KOD":"M13","AD":"Emek","IKON_URL":"https://upload.wikimedia.org/wikipedia/commons/a/a1/Istanbul_M13_Line_Symbol.svg","RENK_HEX":"#FF4B58","BOYUT_PT":2,"PR_DURUM":"4","PR_ACILIS":null,"PR_KURUM":"İBB","ACILIS":null,"TARIH_KAPANIS":null}},{"type":"Feature","id":419,"geometry":{"type":"Point","coordinates":[29.1878148502664,40.9962203498708,0]},"properties":{"OBJECTID":419,"TUR":"2","KOD":"M13","AD":"Esenkent","IKON_URL":"https://upload.wikimedia.org/wikipedia/commons/a/a1/Istanbul_M13_Line_Symbol.svg","RENK_HEX":"#FF4B58","BOYUT_PT":2,"PR_DURUM":"6","PR_ACILIS":null,"PR_KURUM":null,"ACILIS":null,"TARIH_KAPANIS":null}},{"type":"Feature","id":420,"geometry":{"type":"Point","coordinates":[29.0382434438456,40.9921519935859,0]},"properties":{"OBJECTID":420,"TUR":"2","KOD":"M13","AD":"Söğütlüçeşme","IKON_URL":"https://upload.wikimedia.org/wikipedia/commons/a/a1/Istanbul_M13_Line_Symbol.svg","RENK_HEX":"#FF4B58","BOYUT_PT":2,"PR_DURUM":"6","PR_ACILIS":null,"PR_KURUM":null,"ACILIS":null,"TARIH_KAPANIS":null}},{"type":"Feature","id":421,"geometry":{"type":"Point","coordinates":[29.0584188981527,40.9845292602177,0]},"properties":{"OBJECTID":421,"TUR":"2","KOD":"M13","AD":"Şehir Hastanesi","IKON_URL":"https://upload.wikimedia.org/wikipedia/commons/a/a1/Istanbul_M13_Line_Symbol.svg","RENK_HEX":"#FF4B58","BOYUT_PT":2,"PR_DURUM":"6","PR_ACILIS":null,"PR_KURUM":null,"ACILIS":null,"TARIH_KAPANIS":null}},{"type":"Feature","id":422,"geometry":{"type":"Point","coordinates":[29.0746522853801,40.9929529978586,0]},"properties":{"OBJECTID":422,"TUR":"2","KOD":"M13","AD":"Göztepe","IKON_URL":"https://upload.wikimedia.org/wikipedia/commons/a/a1/Istanbul_M13_Line_Symbol.svg","RENK_HEX":"#FF4B58","BOYUT_PT":2,"PR_DURUM":"6","PR_ACILIS":null,"PR_KURUM":null,"ACILIS":null,"TARIH_KAPANIS":null}},{"type":"Feature","id":423,"geometry":{"type":"Point","coordinates":[29.0852055028951,40.996130815046,0]},"properties":{"OBJECTID":423,"TUR":"2","KOD":"M13","AD":"İnönü Parkı","IKON_URL":"https://upload.wikimedia.org/wikipedia/commons/a/a1/Istanbul_M13_Line_Symbol.svg","RENK_HEX":"#FF4B58","BOYUT_PT":2,"PR_DURUM":"6","PR_ACILIS":null,"PR_KURUM":null,"ACILIS":null,"TARIH_KAPANIS":null}},{"type":"Feature","id":424,"geometry":{"type":"Point","coordinates":[29.1564271644703,40.9999094204924,0]},"properties":{"OBJECTID":424,"TUR":"2","KOD":"M13","AD":"İMES","IKON_URL":"https://upload.wikimedia.org/wikipedia/commons/a/a1/Istanbul_M13_Line_Symbol.svg","RENK_HEX":"#FF4B58","BOYUT_PT":2,"PR_DURUM":"6","PR_ACILIS":null,"PR_KURUM":null,"ACILIS":null,"TARIH_KAPANIS":null}},{"type":"Feature","id":425,"geometry":{"type":"Point","coordinates":[29.1404623061392,41.0013114483212,0]},"properties":{"OBJECTID":425,"TUR":"2","KOD":"M13","AD":"Şerifali","IKON_URL":"https://upload.wikimedia.org/wikipedia/commons/a/a1/Istanbul_M13_Line_Symbol.svg","RENK_HEX":"#FF4B58","BOYUT_PT":2,"PR_DURUM":"6","PR_ACILIS":null,"PR_KURUM":null,"ACILIS":null,"TARIH_KAPANIS":null}},{"type":"Feature","id":426,"geometry":{"type":"Point","coordinates":[29.1244595667509,40.9932612895536,0]},"properties":{"OBJECTID":426,"TUR":"2","KOD":"M13","AD":"Ataşehir","IKON_URL":"https://upload.wikimedia.org/wikipedia/commons/a/a1/Istanbul_M13_Line_Symbol.svg","RENK_HEX":"#FF4B58","BOYUT_PT":2,"PR_DURUM":"6","PR_ACILIS":null,"PR_KURUM":null,"ACILIS":null,"TARIH_KAPANIS":null}},{"type":"Feature","id":427,"geometry":{"type":"Point","coordinates":[29.1079714074275,40.9999535534879,0]},"properties":{"OBJECTID":427,"TUR":"2","KOD":"M13","AD":"Finanskent","IKON_URL":"https://upload.wikimedia.org/wikipedia/commons/a/a1/Istanbul_M13_Line_Symbol.svg","RENK_HEX":"#FF4B58","BOYUT_PT":2,"PR_DURUM":"6","PR_ACILIS":null,"PR_KURUM":null,"ACILIS":null,"TARIH_KAPANIS":null}},{"type":"Feature","id":428,"geometry":{"type":"Point","coordinates":[29.094834106946,41.0001443326246,0]},"properties":{"OBJECTID":428,"TUR":"2","KOD":"M13","AD":"Deniz Gezmiş Parkı","IKON_URL":"https://upload.wikimedia.org/wikipedia/commons/a/a1/Istanbul_M13_Line_Symbol.svg","RENK_HEX":"#FF4B58","BOYUT_PT":2,"PR_DURUM":"6","PR_ACILIS":null,"PR_KURUM":null,"ACILIS":null,"TARIH_KAPANIS":null}},{"type":"Feature","id":429,"geometry":{"type":"Point","coordinates":[28.972148704752,41.0957470448831,0]},"properties":{"OBJECTID":429,"TUR":"2","KOD":"M","AD":"Hamidiye","IKON_URL":"https://upload.wikimedia.org/wikipedia/commons/3/32/Istanbul_public_transport_-_M_symbol.svg","RENK_HEX":"#9D9D9C","BOYUT_PT":2,"PR_DURUM":"5","PR_ACILIS":null,"PR_KURUM":null,"ACILIS":null,"TARIH_KAPANIS":null}},{"type":"Feature","id":430,"geometry":{"type":"Point","coordinates":[28.9460221802838,41.08802235614,0]},"properties":{"OBJECTID":430,"TUR":"2","KOD":"M","AD":"Alibeyköy Cep Otogarı","IKON_URL":"https://upload.wikimedia.org/wikipedia/commons/3/32/Istanbul_public_transport_-_M_symbol.svg","RENK_HEX":"#9D9D9C","BOYUT_PT":2,"PR_DURUM":"5","PR_ACILIS":null,"PR_KURUM":null,"ACILIS":null,"TARIH_KAPANIS":null}},{"type":"Feature","id":431,"geometry":{"type":"Point","coordinates":[28.9361890460124,41.0806585387818,0]},"properties":{"OBJECTID":431,"TUR":"2","KOD":"M","AD":"Çırçır","IKON_URL":"https://upload.wikimedia.org/wikipedia/commons/3/32/Istanbul_public_transport_-_M_symbol.svg","RENK_HEX":"#9D9D9C","BOYUT_PT":2,"PR_DURUM":"5","PR_ACILIS":null,"PR_KURUM":null,"ACILIS":null,"TARIH_KAPANIS":null}},{"type":"Feature","id":432,"geometry":{"type":"Point","coordinates":[29.0099757265071,41.054104359378,0]},"properties":{"OBJECTID":432,"TUR":"4","KOD":"F","AD":"Yıldız","IKON_URL":"https://upload.wikimedia.org/wikipedia/commons/5/52/Istanbul_public_transport_-_F_symbol.svg","RENK_HEX":"#9D9D9C","BOYUT_PT":2,"PR_DURUM":"8","PR_ACILIS":null,"PR_KURUM":null,"ACILIS":null,"TARIH_KAPANIS":null}},{"type":"Feature","id":433,"geometry":{"type":"Point","coordinates":[29.0268159167257,41.0482817531837,0]},"properties":{"OBJECTID":433,"TUR":"4","KOD":"F","AD":"Ortaköy","IKON_URL":"https://upload.wikimedia.org/wikipedia/commons/5/52/Istanbul_public_transport_-_F_symbol.svg","RENK_HEX":"#9D9D9C","BOYUT_PT":2,"PR_DURUM":"8","PR_ACILIS":null,"PR_KURUM":null,"ACILIS":null,"TARIH_KAPANIS":null}},{"type":"Feature","id":434,"geometry":{"type":"Point","coordinates":[29.056519964745,41.1674556669695,0]},"properties":{"OBJECTID":434,"TUR":"2","KOD":"M2","AD":"Sarıyer","IKON_URL":"https://upload.wikimedia.org/wikipedia/commons/3/3a/Istanbul_M2_Line_Symbol.svg","RENK_HEX":"#009845","BOYUT_PT":2,"PR_DURUM":"7","PR_ACILIS":null,"PR_KURUM":null,"ACILIS":null,"TARIH_KAPANIS":null}},{"type":"Feature","id":435,"geometry":{"type":"Point","coordinates":[29.0263877545085,41.1559716638918,0]},"properties":{"OBJECTID":435,"TUR":"2","KOD":"M2","AD":"Çayırbaşı","IKON_URL":"https://upload.wikimedia.org/wikipedia/commons/3/3a/Istanbul_M2_Line_Symbol.svg","RENK_HEX":"#009845","BOYUT_PT":2,"PR_DURUM":"7","PR_ACILIS":null,"PR_KURUM":null,"ACILIS":null,"TARIH_KAPANIS":null}},{"type":"Feature","id":436,"geometry":{"type":"Point","coordinates":[29.0372184984457,41.1645758482744,0]},"properties":{"OBJECTID":436,"TUR":"2","KOD":"M2","AD":"Büyükdere","IKON_URL":"https://upload.wikimedia.org/wikipedia/commons/3/3a/Istanbul_M2_Line_Symbol.svg","RENK_HEX":"#009845","BOYUT_PT":2,"PR_DURUM":"7","PR_ACILIS":null,"PR_KURUM":null,"ACILIS":null,"TARIH_KAPANIS":null}},{"type":"Feature","id":437,"geometry":{"type":"Point","coordinates":[29.0208188788733,41.107824949585,0]},"properties":{"OBJECTID":437,"TUR":"4","KOD":"F","AD":"İTÜ-Ayazağa","IKON_URL":"https://upload.wikimedia.org/wikipedia/commons/5/52/Istanbul_public_transport_-_F_symbol.svg","RENK_HEX":"#9D9D9C","BOYUT_PT":2,"PR_DURUM":"5","PR_ACILIS":null,"PR_KURUM":null,"ACILIS":null,"TARIH_KAPANIS":null}},{"type":"Feature","id":438,"geometry":{"type":"Point","coordinates":[29.0545678483775,41.1125874977261,0]},"properties":{"OBJECTID":438,"TUR":"4","KOD":"F","AD":"İstinye","IKON_URL":"https://upload.wikimedia.org/wikipedia/commons/5/52/Istanbul_public_transport_-_F_symbol.svg","RENK_HEX":"#9D9D9C","BOYUT_PT":2,"PR_DURUM":"5","PR_ACILIS":null,"PR_KURUM":null,"ACILIS":null,"TARIH_KAPANIS":null}},{"type":"Feature","id":439,"geometry":{"type":"Point","coordinates":[29.0375433274558,41.1110570916546,0]},"properties":{"OBJECTID":439,"TUR":"4","KOD":"F","AD":"Reşitpaşa","IKON_URL":"https://upload.wikimedia.org/wikipedia/commons/5/52/Istanbul_public_transport_-_F_symbol.svg","RENK_HEX":"#9D9D9C","BOYUT_PT":2,"PR_DURUM":"5","PR_ACILIS":null,"PR_KURUM":null,"ACILIS":null,"TARIH_KAPANIS":null}},{"type":"Feature","id":440,"geometry":{"type":"Point","coordinates":[29.0467536300964,41.0224673549413,0]},"properties":{"OBJECTID":440,"TUR":"2","KOD":"M","AD":"Altunizade","IKON_URL":"https://upload.wikimedia.org/wikipedia/commons/3/32/Istanbul_public_transport_-_M_symbol.svg","RENK_HEX":"#9D9D9C","BOYUT_PT":2,"PR_DURUM":"8","PR_ACILIS":null,"PR_KURUM":null,"ACILIS":null,"TARIH_KAPANIS":null}},{"type":"Feature","id":441,"geometry":{"type":"Point","coordinates":[29.0542204456026,41.0487272608747,0]},"properties":{"OBJECTID":441,"TUR":"2","KOD":"M","AD":"Çengelköy","IKON_URL":"https://upload.wikimedia.org/wikipedia/commons/3/32/Istanbul_public_transport_-_M_symbol.svg","RENK_HEX":"#9D9D9C","BOYUT_PT":2,"PR_DURUM":"8","PR_ACILIS":null,"PR_KURUM":null,"ACILIS":null,"TARIH_KAPANIS":null}},{"type":"Feature","id":442,"geometry":{"type":"Point","coordinates":[29.0112462236949,41.1138127492832,0]},"properties":{"OBJECTID":442,"TUR":"2","KOD":"M","AD":"Maslak","IKON_URL":"https://upload.wikimedia.org/wikipedia/commons/3/32/Istanbul_public_transport_-_M_symbol.svg","RENK_HEX":"#9D9D9C","BOYUT_PT":2,"PR_DURUM":"6","PR_ACILIS":null,"PR_KURUM":null,"ACILIS":null,"TARIH_KAPANIS":null}},{"type":"Feature","id":443,"geometry":{"type":"Point","coordinates":[28.9997884907237,41.1157298206492,0]},"properties":{"OBJECTID":443,"TUR":"2","KOD":"M","AD":"Ayazağa Köyü","IKON_URL":"https://upload.wikimedia.org/wikipedia/commons/3/32/Istanbul_public_transport_-_M_symbol.svg","RENK_HEX":"#9D9D9C","BOYUT_PT":2,"PR_DURUM":"6","PR_ACILIS":null,"PR_KURUM":null,"ACILIS":null,"TARIH_KAPANIS":null}},{"type":"Feature","id":444,"geometry":{"type":"Point","coordinates":[28.9887084085996,41.1069610782641,0]},"properties":{"OBJECTID":444,"TUR":"2","KOD":"M","AD":"Stadyum","IKON_URL":"https://upload.wikimedia.org/wikipedia/commons/3/32/Istanbul_public_transport_-_M_symbol.svg","RENK_HEX":"#9D9D9C","BOYUT_PT":2,"PR_DURUM":"6","PR_ACILIS":null,"PR_KURUM":null,"ACILIS":null,"TARIH_KAPANIS":null}},{"type":"Feature","id":445,"geometry":{"type":"Point","coordinates":[28.9889438228996,41.0916639879925,0]},"properties":{"OBJECTID":445,"TUR":"2","KOD":"M","AD":"Şirintepe","IKON_URL":"https://upload.wikimedia.org/wikipedia/commons/3/32/Istanbul_public_transport_-_M_symbol.svg","RENK_HEX":"#9D9D9C","BOYUT_PT":2,"PR_DURUM":"6","PR_ACILIS":null,"PR_KURUM":null,"ACILIS":null,"TARIH_KAPANIS":null}},{"type":"Feature","id":446,"geometry":{"type":"Point","coordinates":[28.9809181861164,41.0864358897527,0]},"properties":{"OBJECTID":446,"TUR":"2","KOD":"M","AD":"Cendere","IKON_URL":"https://upload.wikimedia.org/wikipedia/commons/3/32/Istanbul_public_transport_-_M_symbol.svg","RENK_HEX":"#9D9D9C","BOYUT_PT":2,"PR_DURUM":"6","PR_ACILIS":null,"PR_KURUM":null,"ACILIS":null,"TARIH_KAPANIS":null}},{"type":"Feature","id":447,"geometry":{"type":"Point","coordinates":[28.9778138276834,41.0806431454286,0]},"properties":{"OBJECTID":447,"TUR":"2","KOD":"M","AD":"Kağıthane","IKON_URL":"https://upload.wikimedia.org/wikipedia/commons/3/32/Istanbul_public_transport_-_M_symbol.svg","RENK_HEX":"#9D9D9C","BOYUT_PT":2,"PR_DURUM":"6","PR_ACILIS":null,"PR_KURUM":null,"ACILIS":null,"TARIH_KAPANIS":null}},{"type":"Feature","id":448,"geometry":{"type":"Point","coordinates":[28.9608523505284,41.0111660580784,0]},"properties":{"OBJECTID":448,"TUR":"2","KOD":"M","AD":"Vezneciler","IKON_URL":"https://upload.wikimedia.org/wikipedia/commons/3/32/Istanbul_public_transport_-_M_symbol.svg","RENK_HEX":"#9D9D9C","BOYUT_PT":2,"PR_DURUM":"5","PR_ACILIS":null,"PR_KURUM":null,"ACILIS":null,"TARIH_KAPANIS":null}},{"type":"Feature","id":449,"geometry":{"type":"Point","coordinates":[28.9529702321882,41.0154265018727,0]},"properties":{"OBJECTID":449,"TUR":"2","KOD":"M","AD":"Saraçhane","IKON_URL":"https://upload.wikimedia.org/wikipedia/commons/3/32/Istanbul_public_transport_-_M_symbol.svg","RENK_HEX":"#9D9D9C","BOYUT_PT":2,"PR_DURUM":"5","PR_ACILIS":null,"PR_KURUM":null,"ACILIS":null,"TARIH_KAPANIS":null}},{"type":"Feature","id":450,"geometry":{"type":"Point","coordinates":[28.9453403670681,41.0217971329804,0]},"properties":{"OBJECTID":450,"TUR":"2","KOD":"M","AD":"Fatih Camii","IKON_URL":"https://upload.wikimedia.org/wikipedia/commons/3/32/Istanbul_public_transport_-_M_symbol.svg","RENK_HEX":"#9D9D9C","BOYUT_PT":2,"PR_DURUM":"5","PR_ACILIS":null,"PR_KURUM":null,"ACILIS":null,"TARIH_KAPANIS":null}},{"type":"Feature","id":451,"geometry":{"type":"Point","coordinates":[28.937759867966,41.0281584838178,0]},"properties":{"OBJECTID":451,"TUR":"2","KOD":"M","AD":"Edirnekapı","IKON_URL":"https://upload.wikimedia.org/wikipedia/commons/3/32/Istanbul_public_transport_-_M_symbol.svg","RENK_HEX":"#9D9D9C","BOYUT_PT":2,"PR_DURUM":"5","PR_ACILIS":null,"PR_KURUM":null,"ACILIS":null,"TARIH_KAPANIS":null}},{"type":"Feature","id":452,"geometry":{"type":"Point","coordinates":[28.9349907760684,41.0378829294044,0]},"properties":{"OBJECTID":452,"TUR":"2","KOD":"M","AD":"Ayvansaray","IKON_URL":"https://upload.wikimedia.org/wikipedia/commons/3/32/Istanbul_public_transport_-_M_symbol.svg","RENK_HEX":"#9D9D9C","BOYUT_PT":2,"PR_DURUM":"5","PR_ACILIS":null,"PR_KURUM":null,"ACILIS":null,"TARIH_KAPANIS":null}},{"type":"Feature","id":453,"geometry":{"type":"Point","coordinates":[28.9327618079135,41.0455489262991,0]},"properties":{"OBJECTID":453,"TUR":"2","KOD":"M","AD":"Eyüpsultan","IKON_URL":"https://upload.wikimedia.org/wikipedia/commons/3/32/Istanbul_public_transport_-_M_symbol.svg","RENK_HEX":"#9D9D9C","BOYUT_PT":2,"PR_DURUM":"5","PR_ACILIS":null,"PR_KURUM":null,"ACILIS":null,"TARIH_KAPANIS":null}},{"type":"Feature","id":454,"geometry":{"type":"Point","coordinates":[28.9167324083242,41.052121577242,0]},"properties":{"OBJECTID":454,"TUR":"2","KOD":"M","AD":"Rami","IKON_URL":"https://upload.wikimedia.org/wikipedia/commons/3/32/Istanbul_public_transport_-_M_symbol.svg","RENK_HEX":"#9D9D9C","BOYUT_PT":2,"PR_DURUM":"5","PR_ACILIS":null,"PR_KURUM":null,"ACILIS":null,"TARIH_KAPANIS":null}},{"type":"Feature","id":455,"geometry":{"type":"Point","coordinates":[28.9137948948872,41.0587315425532,0]},"properties":{"OBJECTID":455,"TUR":"2","KOD":"M","AD":"GOP","IKON_URL":"https://upload.wikimedia.org/wikipedia/commons/3/32/Istanbul_public_transport_-_M_symbol.svg","RENK_HEX":"#9D9D9C","BOYUT_PT":2,"PR_DURUM":"5","PR_ACILIS":null,"PR_KURUM":null,"ACILIS":null,"TARIH_KAPANIS":null}},{"type":"Feature","id":456,"geometry":{"type":"Point","coordinates":[28.907917182949,41.0682336976711,0]},"properties":{"OBJECTID":456,"TUR":"2","KOD":"M","AD":"Şemsipaşa","IKON_URL":"https://upload.wikimedia.org/wikipedia/commons/3/32/Istanbul_public_transport_-_M_symbol.svg","RENK_HEX":"#9D9D9C","BOYUT_PT":2,"PR_DURUM":"5","PR_ACILIS":null,"PR_KURUM":null,"ACILIS":null,"TARIH_KAPANIS":null}},{"type":"Feature","id":457,"geometry":{"type":"Point","coordinates":[28.9030341863045,41.0745334269379,0]},"properties":{"OBJECTID":457,"TUR":"2","KOD":"M","AD":"Küçükköy","IKON_URL":"https://upload.wikimedia.org/wikipedia/commons/3/32/Istanbul_public_transport_-_M_symbol.svg","RENK_HEX":"#9D9D9C","BOYUT_PT":2,"PR_DURUM":"5","PR_ACILIS":null,"PR_KURUM":null,"ACILIS":null,"TARIH_KAPANIS":null}},{"type":"Feature","id":458,"geometry":{"type":"Point","coordinates":[28.8921844465923,41.083300741258,0]},"properties":{"OBJECTID":458,"TUR":"2","KOD":"M","AD":"Yenimahalle","IKON_URL":"https://upload.wikimedia.org/wikipedia/commons/3/32/Istanbul_public_transport_-_M_symbol.svg","RENK_HEX":"#9D9D9C","BOYUT_PT":2,"PR_DURUM":"5","PR_ACILIS":null,"PR_KURUM":null,"ACILIS":null,"TARIH_KAPANIS":null}},{"type":"Feature","id":459,"geometry":{"type":"Point","coordinates":[28.8789599475445,41.0947728547344,0]},"properties":{"OBJECTID":459,"TUR":"2","KOD":"M","AD":"Esentepe","IKON_URL":"https://upload.wikimedia.org/wikipedia/commons/3/32/Istanbul_public_transport_-_M_symbol.svg","RENK_HEX":"#9D9D9C","BOYUT_PT":2,"PR_DURUM":"5","PR_ACILIS":null,"PR_KURUM":null,"ACILIS":null,"TARIH_KAPANIS":null}},{"type":"Feature","id":460,"geometry":{"type":"Point","coordinates":[28.8705184321073,41.1065601092079,0]},"properties":{"OBJECTID":460,"TUR":"2","KOD":"M","AD":"Sultangazi","IKON_URL":"https://upload.wikimedia.org/wikipedia/commons/3/32/Istanbul_public_transport_-_M_symbol.svg","RENK_HEX":"#9D9D9C","BOYUT_PT":2,"PR_DURUM":"5","PR_ACILIS":null,"PR_KURUM":null,"ACILIS":null,"TARIH_KAPANIS":null}},{"type":"Feature","id":461,"geometry":{"type":"Point","coordinates":[28.8605555847021,41.1132120299459,0]},"properties":{"OBJECTID":461,"TUR":"2","KOD":"M","AD":"Cebeci","IKON_URL":"https://upload.wikimedia.org/wikipedia/commons/3/32/Istanbul_public_transport_-_M_symbol.svg","RENK_HEX":"#9D9D9C","BOYUT_PT":2,"PR_DURUM":"5","PR_ACILIS":null,"PR_KURUM":null,"ACILIS":null,"TARIH_KAPANIS":null}},{"type":"Feature","id":462,"geometry":{"type":"Point","coordinates":[28.849187993178,41.1193297486253,0]},"properties":{"OBJECTID":462,"TUR":"2","KOD":"M","AD":"Mescid-i Selam","IKON_URL":"https://upload.wikimedia.org/wikipedia/commons/3/32/Istanbul_public_transport_-_M_symbol.svg","RENK_HEX":"#9D9D9C","BOYUT_PT":2,"PR_DURUM":"5","PR_ACILIS":null,"PR_KURUM":null,"ACILIS":null,"TARIH_KAPANIS":null}},{"type":"Feature","id":463,"geometry":{"type":"Point","coordinates":[28.8333820854483,41.1342360347322,0]},"properties":{"OBJECTID":463,"TUR":"2","KOD":"M","AD":"Habibler","IKON_URL":"https://upload.wikimedia.org/wikipedia/commons/3/32/Istanbul_public_transport_-_M_symbol.svg","RENK_HEX":"#9D9D9C","BOYUT_PT":2,"PR_DURUM":"5","PR_ACILIS":null,"PR_KURUM":null,"ACILIS":null,"TARIH_KAPANIS":null}},{"type":"Feature","id":464,"geometry":{"type":"Point","coordinates":[28.7948817745912,41.1379732607916,0]},"properties":{"OBJECTID":464,"TUR":"2","KOD":"M","AD":"Fenertepe","IKON_URL":"https://upload.wikimedia.org/wikipedia/commons/3/32/Istanbul_public_transport_-_M_symbol.svg","RENK_HEX":"#9D9D9C","BOYUT_PT":2,"PR_DURUM":"5","PR_ACILIS":null,"PR_KURUM":null,"ACILIS":null,"TARIH_KAPANIS":null}},{"type":"Feature","id":465,"geometry":{"type":"Point","coordinates":[28.9330388564319,41.0460208557772,0]},"properties":{"OBJECTID":465,"TUR":"3","KOD":"T7","AD":"Eyüpsultan","IKON_URL":"https://upload.wikimedia.org/wikipedia/commons/0/02/Istanbul_T7_Line_Symbol.svg","RENK_HEX":"#C6D6A9","BOYUT_PT":1,"PR_DURUM":"3","PR_ACILIS":null,"PR_KURUM":"İBB","ACILIS":null,"TARIH_KAPANIS":null}},{"type":"Feature","id":466,"geometry":{"type":"Point","coordinates":[28.927758089373,41.0412433182377,0]},"properties":{"OBJECTID":466,"TUR":"3","KOD":"T7","AD":"Belediye","IKON_URL":"https://upload.wikimedia.org/wikipedia/commons/0/02/Istanbul_T7_Line_Symbol.svg","RENK_HEX":"#C6D6A9","BOYUT_PT":1,"PR_DURUM":"3","PR_ACILIS":null,"PR_KURUM":"İBB","ACILIS":null,"TARIH_KAPANIS":null}},{"type":"Feature","id":467,"geometry":{"type":"Point","coordinates":[28.9217507945566,41.0343555163466,0]},"properties":{"OBJECTID":467,"TUR":"3","KOD":"T7","AD":"Bayrampaşa-Maltepe","IKON_URL":"https://upload.wikimedia.org/wikipedia/commons/0/02/Istanbul_T7_Line_Symbol.svg","RENK_HEX":"#C6D6A9","BOYUT_PT":1,"PR_DURUM":"3","PR_ACILIS":null,"PR_KURUM":"İBB","ACILIS":null,"TARIH_KAPANIS":null}},{"type":"Feature","id":468,"geometry":{"type":"Point","coordinates":[28.912629253551,41.0336775332978,0]},"properties":{"OBJECTID":468,"TUR":"3","KOD":"T7","AD":"Bayrampaşa","IKON_URL":"https://upload.wikimedia.org/wikipedia/commons/0/02/Istanbul_T7_Line_Symbol.svg","RENK_HEX":"#C6D6A9","BOYUT_PT":1,"PR_DURUM":"3","PR_ACILIS":null,"PR_KURUM":"İBB","ACILIS":null,"TARIH_KAPANIS":null}},{"type":"Feature","id":469,"geometry":{"type":"Point","coordinates":[29.0285242770376,40.9876982823689,0]},"properties":{"OBJECTID":469,"TUR":"3","KOD":"T3","AD":"Bahariye","IKON_URL":"https://upload.wikimedia.org/wikipedia/commons/e/e8/Istanbul_T3_Line_Symbol.svg","RENK_HEX":"#9B552B","BOYUT_PT":1,"PR_DURUM":"1","PR_ACILIS":null,"PR_KURUM":null,"ACILIS":"2003-11-01","TARIH_KAPANIS":null}},{"type":"Feature","id":470,"geometry":{"type":"Point","coordinates":[29.0278414846581,40.9859113151988,0]},"properties":{"OBJECTID":470,"TUR":"3","KOD":"T3","AD":"Kilise","IKON_URL":"https://upload.wikimedia.org/wikipedia/commons/e/e8/Istanbul_T3_Line_Symbol.svg","RENK_HEX":"#9B552B","BOYUT_PT":1,"PR_DURUM":"1","PR_ACILIS":null,"PR_KURUM":null,"ACILIS":"2003-11-01","TARIH_KAPANIS":null}},{"type":"Feature","id":471,"geometry":{"type":"Point","coordinates":[29.0267163932737,40.9841791332068,0]},"properties":{"OBJECTID":471,"TUR":"3","KOD":"T3","AD":"Moda İlkokulu","IKON_URL":"https://upload.wikimedia.org/wikipedia/commons/e/e8/Istanbul_T3_Line_Symbol.svg","RENK_HEX":"#9B552B","BOYUT_PT":1,"PR_DURUM":"1","PR_ACILIS":null,"PR_KURUM":null,"ACILIS":"2003-11-01","TARIH_KAPANIS":null}},{"type":"Feature","id":472,"geometry":{"type":"Point","coordinates":[29.024408581783,40.9840404046449,0]},"properties":{"OBJECTID":472,"TUR":"3","KOD":"T3","AD":"Moda Caddesi","IKON_URL":"https://upload.wikimedia.org/wikipedia/commons/e/e8/Istanbul_T3_Line_Symbol.svg","RENK_HEX":"#9B552B","BOYUT_PT":1,"PR_DURUM":"1","PR_ACILIS":null,"PR_KURUM":null,"ACILIS":"2003-11-01","TARIH_KAPANIS":null}},{"type":"Feature","id":473,"geometry":{"type":"Point","coordinates":[29.0226881696733,40.9846850093605,0]},"properties":{"OBJECTID":473,"TUR":"3","KOD":"T3","AD":"Rıza Paşa","IKON_URL":"https://upload.wikimedia.org/wikipedia/commons/e/e8/Istanbul_T3_Line_Symbol.svg","RENK_HEX":"#9B552B","BOYUT_PT":1,"PR_DURUM":"1","PR_ACILIS":null,"PR_KURUM":null,"ACILIS":"2003-11-01","TARIH_KAPANIS":null}},{"type":"Feature","id":474,"geometry":{"type":"Point","coordinates":[29.0211115014839,40.9854938002894,0]},"properties":{"OBJECTID":474,"TUR":"3","KOD":"T3","AD":"Mühürdar","IKON_URL":"https://upload.wikimedia.org/wikipedia/commons/e/e8/Istanbul_T3_Line_Symbol.svg","RENK_HEX":"#9B552B","BOYUT_PT":1,"PR_DURUM":"1","PR_ACILIS":null,"PR_KURUM":null,"ACILIS":"2003-11-01","TARIH_KAPANIS":null}},{"type":"Feature","id":475,"geometry":{"type":"Point","coordinates":[29.0206777481523,40.9885181087956,0]},"properties":{"OBJECTID":475,"TUR":"3","KOD":"T3","AD":"Damga Sokak","IKON_URL":"https://upload.wikimedia.org/wikipedia/commons/e/e8/Istanbul_T3_Line_Symbol.svg","RENK_HEX":"#9B552B","BOYUT_PT":1,"PR_DURUM":"1","PR_ACILIS":null,"PR_KURUM":null,"ACILIS":"2003-11-01","TARIH_KAPANIS":null}},{"type":"Feature","id":476,"geometry":{"type":"Point","coordinates":[29.0221336315636,40.9899818283705,0]},"properties":{"OBJECTID":476,"TUR":"3","KOD":"T3","AD":"Kadıköy İDO","IKON_URL":"https://upload.wikimedia.org/wikipedia/commons/e/e8/Istanbul_T3_Line_Symbol.svg","RENK_HEX":"#9B552B","BOYUT_PT":1,"PR_DURUM":"1","PR_ACILIS":null,"PR_KURUM":null,"ACILIS":"2003-11-01","TARIH_KAPANIS":null}},{"type":"Feature","id":477,"geometry":{"type":"Point","coordinates":[29.0230735954392,40.9905901833561,0]},"properties":{"OBJECTID":477,"TUR":"3","KOD":"T3","AD":"İskele Camii","IKON_URL":"https://upload.wikimedia.org/wikipedia/commons/e/e8/Istanbul_T3_Line_Symbol.svg","RENK_HEX":"#9B552B","BOYUT_PT":1,"PR_DURUM":"1","PR_ACILIS":null,"PR_KURUM":null,"ACILIS":"2003-11-01","TARIH_KAPANIS":null}},{"type":"Feature","id":478,"geometry":{"type":"Point","coordinates":[29.0255035059434,40.9911352773756,0]},"properties":{"OBJECTID":478,"TUR":"3","KOD":"T3","AD":"Çarşı","IKON_URL":"https://upload.wikimedia.org/wikipedia/commons/e/e8/Istanbul_T3_Line_Symbol.svg","RENK_HEX":"#9B552B","BOYUT_PT":1,"PR_DURUM":"1","PR_ACILIS":null,"PR_KURUM":null,"ACILIS":"2003-11-01","TARIH_KAPANIS":null}},{"type":"Feature","id":479,"geometry":{"type":"Point","coordinates":[29.0288110740735,40.9894060798504,0]},"properties":{"OBJECTID":479,"TUR":"3","KOD":"T3","AD":"Altıyol","IKON_URL":"https://upload.wikimedia.org/wikipedia/commons/e/e8/Istanbul_T3_Line_Symbol.svg","RENK_HEX":"#9B552B","BOYUT_PT":1,"PR_DURUM":"1","PR_ACILIS":null,"PR_KURUM":null,"ACILIS":"2003-11-01","TARIH_KAPANIS":null}},{"type":"Feature","id":480,"geometry":{"type":"Point","coordinates":[28.8898833365336,41.0301951982774,0]},"properties":{"OBJECTID":480,"TUR":"3","KOD":"T","AD":"İstasyon 1","IKON_URL":"https://upload.wikimedia.org/wikipedia/commons/4/49/Istanbul_public_transport_-_T_symbol.svg","RENK_HEX":"#9D9D9C","BOYUT_PT":1,"PR_DURUM":"5","PR_ACILIS":null,"PR_KURUM":null,"ACILIS":null,"TARIH_KAPANIS":null}},{"type":"Feature","id":481,"geometry":{"type":"Point","coordinates":[28.8853033191767,41.034143649935,0]},"properties":{"OBJECTID":481,"TUR":"3","KOD":"T","AD":"İstasyon 2","IKON_URL":"https://upload.wikimedia.org/wikipedia/commons/4/49/Istanbul_public_transport_-_T_symbol.svg","RENK_HEX":"#9D9D9C","BOYUT_PT":1,"PR_DURUM":"5","PR_ACILIS":null,"PR_KURUM":null,"ACILIS":null,"TARIH_KAPANIS":null}},{"type":"Feature","id":482,"geometry":{"type":"Point","coordinates":[28.8821775988062,41.0384690928503,0]},"properties":{"OBJECTID":482,"TUR":"3","KOD":"T","AD":"İstasyon 3","IKON_URL":"https://upload.wikimedia.org/wikipedia/commons/4/49/Istanbul_public_transport_-_T_symbol.svg","RENK_HEX":"#9D9D9C","BOYUT_PT":1,"PR_DURUM":"5","PR_ACILIS":null,"PR_KURUM":null,"ACILIS":null,"TARIH_KAPANIS":null}},{"type":"Feature","id":483,"geometry":{"type":"Point","coordinates":[28.8803041290435,41.0430125347235,0]},"properties":{"OBJECTID":483,"TUR":"3","KOD":"T","AD":"İstasyon 4","IKON_URL":"https://upload.wikimedia.org/wikipedia/commons/4/49/Istanbul_public_transport_-_T_symbol.svg","RENK_HEX":"#9D9D9C","BOYUT_PT":1,"PR_DURUM":"5","PR_ACILIS":null,"PR_KURUM":null,"ACILIS":null,"TARIH_KAPANIS":null}},{"type":"Feature","id":484,"geometry":{"type":"Point","coordinates":[28.8781297757629,41.0466071384766,0]},"properties":{"OBJECTID":484,"TUR":"3","KOD":"T","AD":"İstasyon 5","IKON_URL":"https://upload.wikimedia.org/wikipedia/commons/4/49/Istanbul_public_transport_-_T_symbol.svg","RENK_HEX":"#9D9D9C","BOYUT_PT":1,"PR_DURUM":"5","PR_ACILIS":null,"PR_KURUM":null,"ACILIS":null,"TARIH_KAPANIS":null}},{"type":"Feature","id":485,"geometry":{"type":"Point","coordinates":[28.8384595161477,41.1287788016901,0]},"properties":{"OBJECTID":485,"TUR":"3","KOD":"T4","AD":"Eski Habibler","IKON_URL":"https://upload.wikimedia.org/wikipedia/commons/7/74/Istanbul_T4_Line_Symbol.svg","RENK_HEX":"#FF7F40","BOYUT_PT":1,"PR_DURUM":"5","PR_ACILIS":null,"PR_KURUM":null,"ACILIS":null,"TARIH_KAPANIS":null}},{"type":"Feature","id":486,"geometry":{"type":"Point","coordinates":[28.8258708527428,41.1355997646363,0]},"properties":{"OBJECTID":486,"TUR":"3","KOD":"T4","AD":"Pirinççi","IKON_URL":"https://upload.wikimedia.org/wikipedia/commons/7/74/Istanbul_T4_Line_Symbol.svg","RENK_HEX":"#FF7F40","BOYUT_PT":1,"PR_DURUM":"5","PR_ACILIS":null,"PR_KURUM":null,"ACILIS":null,"TARIH_KAPANIS":null}},{"type":"Feature","id":487,"geometry":{"type":"Point","coordinates":[28.8329476907196,41.1338048392272,0]},"properties":{"OBJECTID":487,"TUR":"3","KOD":"T4","AD":"Habibler","IKON_URL":"https://upload.wikimedia.org/wikipedia/commons/7/74/Istanbul_T4_Line_Symbol.svg","RENK_HEX":"#FF7F40","BOYUT_PT":1,"PR_DURUM":"5","PR_ACILIS":null,"PR_KURUM":null,"ACILIS":null,"TARIH_KAPANIS":null}},{"type":"Feature","id":488,"geometry":{"type":"Point","coordinates":[28.8334511407408,41.1338568499546,0]},"properties":{"OBJECTID":488,"TUR":"2","KOD":"M","AD":"Habibler","IKON_URL":"https://upload.wikimedia.org/wikipedia/commons/3/32/Istanbul_public_transport_-_M_symbol.svg","RENK_HEX":"#9D9D9C","BOYUT_PT":2,"PR_DURUM":"8","PR_ACILIS":null,"PR_KURUM":null,"ACILIS":null,"TARIH_KAPANIS":null}},{"type":"Feature","id":489,"geometry":{"type":"Point","coordinates":[28.8259690799259,41.1195504616967,0]},"properties":{"OBJECTID":489,"TUR":"2","KOD":"M","AD":"Yeni Otogar","IKON_URL":"https://upload.wikimedia.org/wikipedia/commons/3/32/Istanbul_public_transport_-_M_symbol.svg","RENK_HEX":"#9D9D9C","BOYUT_PT":2,"PR_DURUM":"8","PR_ACILIS":null,"PR_KURUM":null,"ACILIS":null,"TARIH_KAPANIS":null}},{"type":"Feature","id":490,"geometry":{"type":"Point","coordinates":[28.8010150311766,41.1074902118805,0]},"properties":{"OBJECTID":490,"TUR":"2","KOD":"M","AD":"Başakşehir Metrokent","IKON_URL":"https://upload.wikimedia.org/wikipedia/commons/3/32/Istanbul_public_transport_-_M_symbol.svg","RENK_HEX":"#9D9D9C","BOYUT_PT":2,"PR_DURUM":"8","PR_ACILIS":null,"PR_KURUM":null,"ACILIS":null,"TARIH_KAPANIS":null}},{"type":"Feature","id":491,"geometry":{"type":"Point","coordinates":[29.0129945455621,41.0259840046774,0]},"properties":{"OBJECTID":491,"TUR":"3","KOD":"T","AD":"Marmaray","IKON_URL":"https://upload.wikimedia.org/wikipedia/commons/4/49/Istanbul_public_transport_-_T_symbol.svg","RENK_HEX":"#9D9D9C","BOYUT_PT":1,"PR_DURUM":"8","PR_ACILIS":null,"PR_KURUM":null,"ACILIS":null,"TARIH_KAPANIS":null}},{"type":"Feature","id":492,"geometry":{"type":"Point","coordinates":[29.0106173356224,41.0257584929031,0]},"properties":{"OBJECTID":492,"TUR":"3","KOD":"T","AD":"Şemsipaşa","IKON_URL":"https://upload.wikimedia.org/wikipedia/commons/4/49/Istanbul_public_transport_-_T_symbol.svg","RENK_HEX":"#9D9D9C","BOYUT_PT":1,"PR_DURUM":"8","PR_ACILIS":null,"PR_KURUM":null,"ACILIS":null,"TARIH_KAPANIS":null}},{"type":"Feature","id":493,"geometry":{"type":"Point","coordinates":[29.0084023201005,41.0249920601958,0]},"properties":{"OBJECTID":493,"TUR":"3","KOD":"T","AD":"Rumi Mehmetpaşa","IKON_URL":"https://upload.wikimedia.org/wikipedia/commons/4/49/Istanbul_public_transport_-_T_symbol.svg","RENK_HEX":"#9D9D9C","BOYUT_PT":1,"PR_DURUM":"8","PR_ACILIS":null,"PR_KURUM":null,"ACILIS":null,"TARIH_KAPANIS":null}},{"type":"Feature","id":494,"geometry":{"type":"Point","coordinates":[29.007034109566,41.0232247849487,0]},"properties":{"OBJECTID":494,"TUR":"3","KOD":"T","AD":"Kız Kulesi","IKON_URL":"https://upload.wikimedia.org/wikipedia/commons/4/49/Istanbul_public_transport_-_T_symbol.svg","RENK_HEX":"#9D9D9C","BOYUT_PT":1,"PR_DURUM":"8","PR_ACILIS":null,"PR_KURUM":null,"ACILIS":null,"TARIH_KAPANIS":null}},{"type":"Feature","id":495,"geometry":{"type":"Point","coordinates":[29.0081809392819,41.0197172061435,0]},"properties":{"OBJECTID":495,"TUR":"3","KOD":"T","AD":"Salacak","IKON_URL":"https://upload.wikimedia.org/wikipedia/commons/4/49/Istanbul_public_transport_-_T_symbol.svg","RENK_HEX":"#9D9D9C","BOYUT_PT":1,"PR_DURUM":"8","PR_ACILIS":null,"PR_KURUM":null,"ACILIS":null,"TARIH_KAPANIS":null}},{"type":"Feature","id":496,"geometry":{"type":"Point","coordinates":[29.0091902674705,41.017453193871,0]},"properties":{"OBJECTID":496,"TUR":"3","KOD":"T","AD":"Balıkçı Barınağı","IKON_URL":"https://upload.wikimedia.org/wikipedia/commons/4/49/Istanbul_public_transport_-_T_symbol.svg","RENK_HEX":"#9D9D9C","BOYUT_PT":1,"PR_DURUM":"8","PR_ACILIS":null,"PR_KURUM":null,"ACILIS":null,"TARIH_KAPANIS":null}},{"type":"Feature","id":497,"geometry":{"type":"Point","coordinates":[29.0105352493684,41.0159943436201,0]},"properties":{"OBJECTID":497,"TUR":"3","KOD":"T","AD":"İhsaniye","IKON_URL":"https://upload.wikimedia.org/wikipedia/commons/4/49/Istanbul_public_transport_-_T_symbol.svg","RENK_HEX":"#9D9D9C","BOYUT_PT":1,"PR_DURUM":"8","PR_ACILIS":null,"PR_KURUM":null,"ACILIS":null,"TARIH_KAPANIS":null}},{"type":"Feature","id":498,"geometry":{"type":"Point","coordinates":[29.0107153768542,41.0113817198187,0]},"properties":{"OBJECTID":498,"TUR":"3","KOD":"T","AD":"Harem","IKON_URL":"https://upload.wikimedia.org/wikipedia/commons/4/49/Istanbul_public_transport_-_T_symbol.svg","RENK_HEX":"#9D9D9C","BOYUT_PT":1,"PR_DURUM":"8","PR_ACILIS":null,"PR_KURUM":null,"ACILIS":null,"TARIH_KAPANIS":null}},{"type":"Feature","id":499,"geometry":{"type":"Point","coordinates":[29.0112167140378,41.0135101990345,0]},"properties":{"OBJECTID":499,"TUR":"3","KOD":"T","AD":"Sahil Yolu","IKON_URL":"https://upload.wikimedia.org/wikipedia/commons/4/49/Istanbul_public_transport_-_T_symbol.svg","RENK_HEX":"#9D9D9C","BOYUT_PT":1,"PR_DURUM":"8","PR_ACILIS":null,"PR_KURUM":null,"ACILIS":null,"TARIH_KAPANIS":null}},{"type":"Feature","id":500,"geometry":{"type":"Point","coordinates":[29.0960687164382,41.0950290602702,0]},"properties":{"OBJECTID":500,"TUR":"2","KOD":"M","AD":"Kavacık","IKON_URL":"https://upload.wikimedia.org/wikipedia/commons/3/32/Istanbul_public_transport_-_M_symbol.svg","RENK_HEX":"#9D9D9C","BOYUT_PT":2,"PR_DURUM":"8","PR_ACILIS":null,"PR_KURUM":null,"ACILIS":null,"TARIH_KAPANIS":null}},{"type":"Feature","id":501,"geometry":{"type":"Point","coordinates":[29.0155474965141,41.0259076969902,0]},"properties":{"OBJECTID":501,"TUR":"3","KOD":"T","AD":"Üsküdar Meydan","IKON_URL":"https://upload.wikimedia.org/wikipedia/commons/4/49/Istanbul_public_transport_-_T_symbol.svg","RENK_HEX":"#9D9D9C","BOYUT_PT":1,"PR_DURUM":"5","PR_ACILIS":null,"PR_KURUM":null,"ACILIS":null,"TARIH_KAPANIS":null}},{"type":"Feature","id":503,"geometry":{"type":"Point","coordinates":[29.0178660329911,41.0202861434379,0]},"properties":{"OBJECTID":503,"TUR":"3","KOD":"T","AD":"Üsküdar Kaymakamlık","IKON_URL":"https://upload.wikimedia.org/wikipedia/commons/4/49/Istanbul_public_transport_-_T_symbol.svg","RENK_HEX":"#9D9D9C","BOYUT_PT":1,"PR_DURUM":"5","PR_ACILIS":null,"PR_KURUM":null,"ACILIS":null,"TARIH_KAPANIS":null}},{"type":"Feature","id":505,"geometry":{"type":"Point","coordinates":[29.0249224360918,41.0152364786779,0]},"properties":{"OBJECTID":505,"TUR":"3","KOD":"T","AD":"Zeynep Kamil","IKON_URL":"https://upload.wikimedia.org/wikipedia/commons/4/49/Istanbul_public_transport_-_T_symbol.svg","RENK_HEX":"#9D9D9C","BOYUT_PT":1,"PR_DURUM":"5","PR_ACILIS":null,"PR_KURUM":null,"ACILIS":null,"TARIH_KAPANIS":null}},{"type":"Feature","id":507,"geometry":{"type":"Point","coordinates":[29.0210525477467,41.0130236698044,0]},"properties":{"OBJECTID":507,"TUR":"3","KOD":"T","AD":"Karacaahmet","IKON_URL":"https://upload.wikimedia.org/wikipedia/commons/4/49/Istanbul_public_transport_-_T_symbol.svg","RENK_HEX":"#9D9D9C","BOYUT_PT":1,"PR_DURUM":"5","PR_ACILIS":null,"PR_KURUM":null,"ACILIS":null,"TARIH_KAPANIS":null}},{"type":"Feature","id":509,"geometry":{"type":"Point","coordinates":[29.021428498083,41.0049954370738,0]},"properties":{"OBJECTID":509,"TUR":"3","KOD":"T","AD":"Numune Hastanesi","IKON_URL":"https://upload.wikimedia.org/wikipedia/commons/4/49/Istanbul_public_transport_-_T_symbol.svg","RENK_HEX":"#9D9D9C","BOYUT_PT":1,"PR_DURUM":"5","PR_ACILIS":null,"PR_KURUM":null,"ACILIS":null,"TARIH_KAPANIS":null}},{"type":"Feature","id":510,"geometry":{"type":"Point","coordinates":[29.0226280256684,41.0021643661342,0]},"properties":{"OBJECTID":510,"TUR":"3","KOD":"T","AD":"Haydarpaşa Teknik Lisesi","IKON_URL":"https://upload.wikimedia.org/wikipedia/commons/4/49/Istanbul_public_transport_-_T_symbol.svg","RENK_HEX":"#9D9D9C","BOYUT_PT":1,"PR_DURUM":"5","PR_ACILIS":null,"PR_KURUM":null,"ACILIS":null,"TARIH_KAPANIS":null}},{"type":"Feature","id":512,"geometry":{"type":"Point","coordinates":[29.0247852858058,40.9935006217512,0]},"properties":{"OBJECTID":512,"TUR":"3","KOD":"T","AD":"Rıhtım","IKON_URL":"https://upload.wikimedia.org/wikipedia/commons/4/49/Istanbul_public_transport_-_T_symbol.svg","RENK_HEX":"#9D9D9C","BOYUT_PT":1,"PR_DURUM":"5","PR_ACILIS":null,"PR_KURUM":null,"ACILIS":null,"TARIH_KAPANIS":null}},{"type":"Feature","id":513,"geometry":{"type":"Point","coordinates":[29.0298829905829,40.9908707744288,0]},"properties":{"OBJECTID":513,"TUR":"3","KOD":"T","AD":"Altıyol","IKON_URL":"https://upload.wikimedia.org/wikipedia/commons/4/49/Istanbul_public_transport_-_T_symbol.svg","RENK_HEX":"#9D9D9C","BOYUT_PT":1,"PR_DURUM":"5","PR_ACILIS":null,"PR_KURUM":null,"ACILIS":null,"TARIH_KAPANIS":null}},{"type":"Feature","id":514,"geometry":{"type":"Point","coordinates":[29.1662486179481,40.9184709995701,0]},"properties":{"OBJECTID":514,"TUR":"3","KOD":"T","AD":"Tugay Yolu","IKON_URL":"https://upload.wikimedia.org/wikipedia/commons/4/49/Istanbul_public_transport_-_T_symbol.svg","RENK_HEX":"#9D9D9C","BOYUT_PT":1,"PR_DURUM":"5","PR_ACILIS":null,"PR_KURUM":null,"ACILIS":null,"TARIH_KAPANIS":null}},{"type":"Feature","id":515,"geometry":{"type":"Point","coordinates":[29.159958267579,40.9177136931364,0]},"properties":{"OBJECTID":515,"TUR":"3","KOD":"T","AD":"Tugay Yolu","IKON_URL":"https://upload.wikimedia.org/wikipedia/commons/4/49/Istanbul_public_transport_-_T_symbol.svg","RENK_HEX":"#9D9D9C","BOYUT_PT":1,"PR_DURUM":"5","PR_ACILIS":null,"PR_KURUM":null,"ACILIS":null,"TARIH_KAPANIS":null}},{"type":"Feature","id":516,"geometry":{"type":"Point","coordinates":[29.1481181711987,40.9154585290812,0]},"properties":{"OBJECTID":516,"TUR":"3","KOD":"T","AD":"Cevizli","IKON_URL":"https://upload.wikimedia.org/wikipedia/commons/4/49/Istanbul_public_transport_-_T_symbol.svg","RENK_HEX":"#9D9D9C","BOYUT_PT":1,"PR_DURUM":"5","PR_ACILIS":null,"PR_KURUM":null,"ACILIS":null,"TARIH_KAPANIS":null}},{"type":"Feature","id":517,"geometry":{"type":"Point","coordinates":[29.1432825202613,40.9177815750657,0]},"properties":{"OBJECTID":517,"TUR":"3","KOD":"T","AD":"Orhangazi","IKON_URL":"https://upload.wikimedia.org/wikipedia/commons/4/49/Istanbul_public_transport_-_T_symbol.svg","RENK_HEX":"#9D9D9C","BOYUT_PT":1,"PR_DURUM":"5","PR_ACILIS":null,"PR_KURUM":null,"ACILIS":null,"TARIH_KAPANIS":null}},{"type":"Feature","id":518,"geometry":{"type":"Point","coordinates":[29.1388823932349,40.9198953236317,0]},"properties":{"OBJECTID":518,"TUR":"3","KOD":"T","AD":"Maltepe","IKON_URL":"https://upload.wikimedia.org/wikipedia/commons/4/49/Istanbul_public_transport_-_T_symbol.svg","RENK_HEX":"#9D9D9C","BOYUT_PT":1,"PR_DURUM":"5","PR_ACILIS":null,"PR_KURUM":null,"ACILIS":null,"TARIH_KAPANIS":null}},{"type":"Feature","id":519,"geometry":{"type":"Point","coordinates":[29.1296015530816,40.9271962096947,0]},"properties":{"OBJECTID":519,"TUR":"3","KOD":"T","AD":"Maltepe Meydan","IKON_URL":"https://upload.wikimedia.org/wikipedia/commons/4/49/Istanbul_public_transport_-_T_symbol.svg","RENK_HEX":"#9D9D9C","BOYUT_PT":1,"PR_DURUM":"5","PR_ACILIS":null,"PR_KURUM":null,"ACILIS":null,"TARIH_KAPANIS":null}},{"type":"Feature","id":520,"geometry":{"type":"Point","coordinates":[29.1277502124177,40.9320086212159,0]},"properties":{"OBJECTID":520,"TUR":"3","KOD":"T","AD":"Maltepe Belediyesi","IKON_URL":"https://upload.wikimedia.org/wikipedia/commons/4/49/Istanbul_public_transport_-_T_symbol.svg","RENK_HEX":"#9D9D9C","BOYUT_PT":1,"PR_DURUM":"5","PR_ACILIS":null,"PR_KURUM":null,"ACILIS":null,"TARIH_KAPANIS":null}},{"type":"Feature","id":521,"geometry":{"type":"Point","coordinates":[29.123049405791,40.936078179881,0]},"properties":{"OBJECTID":521,"TUR":"3","KOD":"T","AD":"Maltepe Kaymakamlık","IKON_URL":"https://upload.wikimedia.org/wikipedia/commons/4/49/Istanbul_public_transport_-_T_symbol.svg","RENK_HEX":"#9D9D9C","BOYUT_PT":1,"PR_DURUM":"5","PR_ACILIS":null,"PR_KURUM":null,"ACILIS":null,"TARIH_KAPANIS":null}},{"type":"Feature","id":522,"geometry":{"type":"Point","coordinates":[29.1163300604664,40.9407228743946,0]},"properties":{"OBJECTID":522,"TUR":"3","KOD":"T","AD":"İdealtepe","IKON_URL":"https://upload.wikimedia.org/wikipedia/commons/4/49/Istanbul_public_transport_-_T_symbol.svg","RENK_HEX":"#9D9D9C","BOYUT_PT":1,"PR_DURUM":"5","PR_ACILIS":null,"PR_KURUM":null,"ACILIS":null,"TARIH_KAPANIS":null}},{"type":"Feature","id":523,"geometry":{"type":"Point","coordinates":[29.1079565573776,40.946983609759,0]},"properties":{"OBJECTID":523,"TUR":"3","KOD":"T","AD":"Küçükyalı","IKON_URL":"https://upload.wikimedia.org/wikipedia/commons/4/49/Istanbul_public_transport_-_T_symbol.svg","RENK_HEX":"#9D9D9C","BOYUT_PT":1,"PR_DURUM":"5","PR_ACILIS":null,"PR_KURUM":null,"ACILIS":null,"TARIH_KAPANIS":null}},{"type":"Feature","id":524,"geometry":{"type":"Point","coordinates":[29.1026801965551,40.9511016873355,0]},"properties":{"OBJECTID":524,"TUR":"3","KOD":"T","AD":"Altıntepe","IKON_URL":"https://upload.wikimedia.org/wikipedia/commons/4/49/Istanbul_public_transport_-_T_symbol.svg","RENK_HEX":"#9D9D9C","BOYUT_PT":1,"PR_DURUM":"5","PR_ACILIS":null,"PR_KURUM":null,"ACILIS":null,"TARIH_KAPANIS":null}},{"type":"Feature","id":525,"geometry":{"type":"Point","coordinates":[29.099709047499,40.9559853723647,0]},"properties":{"OBJECTID":525,"TUR":"3","KOD":"T","AD":"Bostancı","IKON_URL":"https://upload.wikimedia.org/wikipedia/commons/4/49/Istanbul_public_transport_-_T_symbol.svg","RENK_HEX":"#9D9D9C","BOYUT_PT":1,"PR_DURUM":"5","PR_ACILIS":null,"PR_KURUM":null,"ACILIS":null,"TARIH_KAPANIS":null}},{"type":"Feature","id":526,"geometry":{"type":"Point","coordinates":[29.0877776041324,40.9654612959285,0]},"properties":{"OBJECTID":526,"TUR":"3","KOD":"T","AD":"Ayşekadın","IKON_URL":"https://upload.wikimedia.org/wikipedia/commons/4/49/Istanbul_public_transport_-_T_symbol.svg","RENK_HEX":"#9D9D9C","BOYUT_PT":1,"PR_DURUM":"5","PR_ACILIS":null,"PR_KURUM":null,"ACILIS":null,"TARIH_KAPANIS":null}},{"type":"Feature","id":527,"geometry":{"type":"Point","coordinates":[29.0808514926805,40.974866178149,0]},"properties":{"OBJECTID":527,"TUR":"3","KOD":"T","AD":"Tüccarbaşı","IKON_URL":"https://upload.wikimedia.org/wikipedia/commons/4/49/Istanbul_public_transport_-_T_symbol.svg","RENK_HEX":"#9D9D9C","BOYUT_PT":1,"PR_DURUM":"5","PR_ACILIS":null,"PR_KURUM":null,"ACILIS":null,"TARIH_KAPANIS":null}},{"type":"Feature","id":528,"geometry":{"type":"Point","coordinates":[29.0770791011881,40.9795202558538,0]},"properties":{"OBJECTID":528,"TUR":"3","KOD":"T","AD":"Sahrayıcedit","IKON_URL":"https://upload.wikimedia.org/wikipedia/commons/4/49/Istanbul_public_transport_-_T_symbol.svg","RENK_HEX":"#9D9D9C","BOYUT_PT":1,"PR_DURUM":"5","PR_ACILIS":null,"PR_KURUM":null,"ACILIS":null,"TARIH_KAPANIS":null}},{"type":"Feature","id":529,"geometry":{"type":"Point","coordinates":[29.0638099630572,40.9830146844447,0]},"properties":{"OBJECTID":529,"TUR":"3","KOD":"T","AD":"Çemenzar","IKON_URL":"https://upload.wikimedia.org/wikipedia/commons/4/49/Istanbul_public_transport_-_T_symbol.svg","RENK_HEX":"#9D9D9C","BOYUT_PT":1,"PR_DURUM":"5","PR_ACILIS":null,"PR_KURUM":null,"ACILIS":null,"TARIH_KAPANIS":null}},{"type":"Feature","id":530,"geometry":{"type":"Point","coordinates":[29.0552076213363,40.9846017152562,0]},"properties":{"OBJECTID":530,"TUR":"3","KOD":"T","AD":"Marmara Üniversitesi Hastanesi","IKON_URL":"https://upload.wikimedia.org/wikipedia/commons/4/49/Istanbul_public_transport_-_T_symbol.svg","RENK_HEX":"#9D9D9C","BOYUT_PT":1,"PR_DURUM":"5","PR_ACILIS":null,"PR_KURUM":null,"ACILIS":null,"TARIH_KAPANIS":null}},{"type":"Feature","id":531,"geometry":{"type":"Point","coordinates":[29.0497940302778,40.9853585220437,0]},"properties":{"OBJECTID":531,"TUR":"3","KOD":"T","AD":"Kuyubaşı","IKON_URL":"https://upload.wikimedia.org/wikipedia/commons/4/49/Istanbul_public_transport_-_T_symbol.svg","RENK_HEX":"#9D9D9C","BOYUT_PT":1,"PR_DURUM":"5","PR_ACILIS":null,"PR_KURUM":null,"ACILIS":null,"TARIH_KAPANIS":null}},{"type":"Feature","id":532,"geometry":{"type":"Point","coordinates":[29.0415790304293,40.9893778725563,0]},"properties":{"OBJECTID":532,"TUR":"3","KOD":"T","AD":"Ziverbey","IKON_URL":"https://upload.wikimedia.org/wikipedia/commons/4/49/Istanbul_public_transport_-_T_symbol.svg","RENK_HEX":"#9D9D9C","BOYUT_PT":1,"PR_DURUM":"5","PR_ACILIS":null,"PR_KURUM":null,"ACILIS":null,"TARIH_KAPANIS":null}},{"type":"Feature","id":533,"geometry":{"type":"Point","coordinates":[29.2117871266484,40.9056735033286,0]},"properties":{"OBJECTID":533,"TUR":"2","KOD":"M","AD":"Kartal","IKON_URL":"https://upload.wikimedia.org/wikipedia/commons/3/32/Istanbul_public_transport_-_M_symbol.svg","RENK_HEX":"#9D9D9C","BOYUT_PT":2,"PR_DURUM":"8","PR_ACILIS":null,"PR_KURUM":null,"ACILIS":null,"TARIH_KAPANIS":null}},{"type":"Feature","id":534,"geometry":{"type":"Point","coordinates":[29.1906948652369,40.8908514896849,0]},"properties":{"OBJECTID":534,"TUR":"2","KOD":"M","AD":"Kartal Sahil","IKON_URL":"https://upload.wikimedia.org/wikipedia/commons/3/32/Istanbul_public_transport_-_M_symbol.svg","RENK_HEX":"#9D9D9C","BOYUT_PT":2,"PR_DURUM":"8","PR_ACILIS":null,"PR_KURUM":null,"ACILIS":null,"TARIH_KAPANIS":null}},{"type":"Feature","id":535,"geometry":{"type":"Point","coordinates":[29.2093794629222,40.9236440099939,0]},"properties":{"OBJECTID":535,"TUR":"2","KOD":"M","AD":"Uğur Mumcu Mah.","IKON_URL":"https://upload.wikimedia.org/wikipedia/commons/3/32/Istanbul_public_transport_-_M_symbol.svg","RENK_HEX":"#9D9D9C","BOYUT_PT":2,"PR_DURUM":"8","PR_ACILIS":null,"PR_KURUM":null,"ACILIS":null,"TARIH_KAPANIS":null}},{"type":"Feature","id":536,"geometry":{"type":"Point","coordinates":[29.112364910277,40.9444423318688,0]},"properties":{"OBJECTID":536,"TUR":"3","KOD":"T","AD":"Adnan Kahveci","IKON_URL":"https://upload.wikimedia.org/wikipedia/commons/4/49/Istanbul_public_transport_-_T_symbol.svg","RENK_HEX":"#9D9D9C","BOYUT_PT":1,"PR_DURUM":"5","PR_ACILIS":null,"PR_KURUM":null,"ACILIS":null,"TARIH_KAPANIS":null}},{"type":"Feature","id":538,"geometry":{"type":"Point","coordinates":[29.0936881566808,40.9606534504891,0]},"properties":{"OBJECTID":538,"TUR":"3","KOD":"T","AD":"Şenesenevler","IKON_URL":"https://upload.wikimedia.org/wikipedia/commons/4/49/Istanbul_public_transport_-_T_symbol.svg","RENK_HEX":"#9D9D9C","BOYUT_PT":1,"PR_DURUM":"5","PR_ACILIS":null,"PR_KURUM":null,"ACILIS":null,"TARIH_KAPANIS":null}},{"type":"Feature","id":539,"geometry":{"type":"Point","coordinates":[29.0840493971756,40.970588057456,0]},"properties":{"OBJECTID":539,"TUR":"3","KOD":"T","AD":"Kazasker","IKON_URL":"https://upload.wikimedia.org/wikipedia/commons/4/49/Istanbul_public_transport_-_T_symbol.svg","RENK_HEX":"#9D9D9C","BOYUT_PT":1,"PR_DURUM":"5","PR_ACILIS":null,"PR_KURUM":null,"ACILIS":null,"TARIH_KAPANIS":null}},{"type":"Feature","id":540,"geometry":{"type":"Point","coordinates":[29.0380214719355,40.9937273945786,0]},"properties":{"OBJECTID":540,"TUR":"3","KOD":"T","AD":"Söğütlüçeşme","IKON_URL":"https://upload.wikimedia.org/wikipedia/commons/4/49/Istanbul_public_transport_-_T_symbol.svg","RENK_HEX":"#9D9D9C","BOYUT_PT":1,"PR_DURUM":"5","PR_ACILIS":null,"PR_KURUM":null,"ACILIS":null,"TARIH_KAPANIS":null}},{"type":"Feature","id":541,"geometry":{"type":"Point","coordinates":[29.1250402997343,40.924317856563,0]},"properties":{"OBJECTID":541,"TUR":"2","KOD":"M","AD":"Süreyya Plajı","IKON_URL":"https://upload.wikimedia.org/wikipedia/commons/3/32/Istanbul_public_transport_-_M_symbol.svg","RENK_HEX":"#9D9D9C","BOYUT_PT":2,"PR_DURUM":"8","PR_ACILIS":null,"PR_KURUM":null,"ACILIS":null,"TARIH_KAPANIS":null}},{"type":"Feature","id":542,"geometry":{"type":"Point","coordinates":[29.1396489732776,40.9361915534625,0]},"properties":{"OBJECTID":542,"TUR":"2","KOD":"M","AD":"Maltepe","IKON_URL":"https://upload.wikimedia.org/wikipedia/commons/3/32/Istanbul_public_transport_-_M_symbol.svg","RENK_HEX":"#9D9D9C","BOYUT_PT":2,"PR_DURUM":"8","PR_ACILIS":null,"PR_KURUM":null,"ACILIS":null,"TARIH_KAPANIS":null}},{"type":"Feature","id":543,"geometry":{"type":"Point","coordinates":[29.1562126422889,40.9441990544049,0]},"properties":{"OBJECTID":543,"TUR":"2","KOD":"M","AD":"Zümrütevler 1","IKON_URL":"https://upload.wikimedia.org/wikipedia/commons/3/32/Istanbul_public_transport_-_M_symbol.svg","RENK_HEX":"#9D9D9C","BOYUT_PT":2,"PR_DURUM":"8","PR_ACILIS":null,"PR_KURUM":null,"ACILIS":null,"TARIH_KAPANIS":null}},{"type":"Feature","id":544,"geometry":{"type":"Point","coordinates":[29.1638662930011,40.9501809559087,0]},"properties":{"OBJECTID":544,"TUR":"2","KOD":"M","AD":"Zümrütevler 2","IKON_URL":"https://upload.wikimedia.org/wikipedia/commons/3/32/Istanbul_public_transport_-_M_symbol.svg","RENK_HEX":"#9D9D9C","BOYUT_PT":2,"PR_DURUM":"8","PR_ACILIS":null,"PR_KURUM":null,"ACILIS":null,"TARIH_KAPANIS":null}},{"type":"Feature","id":545,"geometry":{"type":"Point","coordinates":[29.1836731856152,40.9601994201675,0]},"properties":{"OBJECTID":545,"TUR":"2","KOD":"M","AD":"Maltepe Üniversitesi","IKON_URL":"https://upload.wikimedia.org/wikipedia/commons/3/32/Istanbul_public_transport_-_M_symbol.svg","RENK_HEX":"#9D9D9C","BOYUT_PT":2,"PR_DURUM":"8","PR_ACILIS":null,"PR_KURUM":null,"ACILIS":null,"TARIH_KAPANIS":null}},{"type":"Feature","id":546,"geometry":{"type":"Point","coordinates":[29.2094031191569,40.9760887003665,0]},"properties":{"OBJECTID":546,"TUR":"2","KOD":"M","AD":"Samandıra","IKON_URL":"https://upload.wikimedia.org/wikipedia/commons/3/32/Istanbul_public_transport_-_M_symbol.svg","RENK_HEX":"#9D9D9C","BOYUT_PT":2,"PR_DURUM":"8","PR_ACILIS":null,"PR_KURUM":null,"ACILIS":null,"TARIH_KAPANIS":null}},{"type":"Feature","id":547,"geometry":{"type":"Point","coordinates":[28.8756534214602,40.9975874060281,0]},"properties":{"OBJECTID":547,"TUR":"2","KOD":"M","AD":"Bakırköy-İncirli","IKON_URL":"https://upload.wikimedia.org/wikipedia/commons/3/32/Istanbul_public_transport_-_M_symbol.svg","RENK_HEX":"#9D9D9C","BOYUT_PT":2,"PR_DURUM":"8","PR_ACILIS":null,"PR_KURUM":null,"ACILIS":null,"TARIH_KAPANIS":null}},{"type":"Feature","id":548,"geometry":{"type":"Point","coordinates":[29.3117979317703,40.9071153504437,0]},"properties":{"OBJECTID":548,"TUR":"2","KOD":"M","AD":"Sabiha Gökçen Havalimanı","IKON_URL":"https://upload.wikimedia.org/wikipedia/commons/3/32/Istanbul_public_transport_-_M_symbol.svg","RENK_HEX":"#9D9D9C","BOYUT_PT":2,"PR_DURUM":"7","PR_ACILIS":null,"PR_KURUM":null,"ACILIS":null,"TARIH_KAPANIS":null}},{"type":"Feature","id":549,"geometry":{"type":"Point","coordinates":[29.4191895440999,40.8137619800271,0]},"properties":{"OBJECTID":549,"TUR":"2","KOD":"M1 (Kocaeli)","AD":"Adliye","IKON_URL":"https://upload.wikimedia.org/wikipedia/commons/8/82/Kocaeli_Metro_logo.svg","RENK_HEX":"#E30512","BOYUT_PT":2,"PR_DURUM":"3","PR_ACILIS":null,"PR_KURUM":"UAB","ACILIS":null,"TARIH_KAPANIS":null}},{"type":"Feature","id":550,"geometry":{"type":"Point","coordinates":[29.325251533555,40.9190799426173,0]},"properties":{"OBJECTID":550,"TUR":"2","KOD":"M","AD":"Türk-Japon Üniversitesi","IKON_URL":"https://upload.wikimedia.org/wikipedia/commons/3/32/Istanbul_public_transport_-_M_symbol.svg","RENK_HEX":"#9D9D9C","BOYUT_PT":2,"PR_DURUM":"7","PR_ACILIS":null,"PR_KURUM":null,"ACILIS":null,"TARIH_KAPANIS":null}},{"type":"Feature","id":551,"geometry":{"type":"Point","coordinates":[29.3459523567763,40.9225530524812,0]},"properties":{"OBJECTID":551,"TUR":"2","KOD":"M","AD":"Medeniyet Üniversitesi","IKON_URL":"https://upload.wikimedia.org/wikipedia/commons/3/32/Istanbul_public_transport_-_M_symbol.svg","RENK_HEX":"#9D9D9C","BOYUT_PT":2,"PR_DURUM":"7","PR_ACILIS":null,"PR_KURUM":null,"ACILIS":null,"TARIH_KAPANIS":null}},{"type":"Feature","id":552,"geometry":{"type":"Point","coordinates":[29.3511262701305,40.9086473595169,0]},"properties":{"OBJECTID":552,"TUR":"2","KOD":"M","AD":"Orhanlı 1","IKON_URL":"https://upload.wikimedia.org/wikipedia/commons/3/32/Istanbul_public_transport_-_M_symbol.svg","RENK_HEX":"#9D9D9C","BOYUT_PT":2,"PR_DURUM":"7","PR_ACILIS":null,"PR_KURUM":null,"ACILIS":null,"TARIH_KAPANIS":null}},{"type":"Feature","id":553,"geometry":{"type":"Point","coordinates":[29.3568202325757,40.8962636080809,0]},"properties":{"OBJECTID":553,"TUR":"2","KOD":"M","AD":"Orhanlı 2","IKON_URL":"https://upload.wikimedia.org/wikipedia/commons/3/32/Istanbul_public_transport_-_M_symbol.svg","RENK_HEX":"#9D9D9C","BOYUT_PT":2,"PR_DURUM":"7","PR_ACILIS":null,"PR_KURUM":null,"ACILIS":null,"TARIH_KAPANIS":null}},{"type":"Feature","id":554,"geometry":{"type":"Point","coordinates":[29.3728535901421,40.8886294804958,0]},"properties":{"OBJECTID":554,"TUR":"2","KOD":"M","AD":"Deri OSB","IKON_URL":"https://upload.wikimedia.org/wikipedia/commons/3/32/Istanbul_public_transport_-_M_symbol.svg","RENK_HEX":"#9D9D9C","BOYUT_PT":2,"PR_DURUM":"7","PR_ACILIS":null,"PR_KURUM":null,"ACILIS":null,"TARIH_KAPANIS":null}},{"type":"Feature","id":555,"geometry":{"type":"Point","coordinates":[29.3708742009226,40.861629962789,0]},"properties":{"OBJECTID":555,"TUR":"2","KOD":"M","AD":"Cumhuriyet","IKON_URL":"https://upload.wikimedia.org/wikipedia/commons/3/32/Istanbul_public_transport_-_M_symbol.svg","RENK_HEX":"#9D9D9C","BOYUT_PT":2,"PR_DURUM":"7","PR_ACILIS":null,"PR_KURUM":null,"ACILIS":null,"TARIH_KAPANIS":null}},{"type":"Feature","id":556,"geometry":{"type":"Point","coordinates":[29.3623734371008,40.839486620727,0]},"properties":{"OBJECTID":556,"TUR":"2","KOD":"M","AD":"Mimar Sinan","IKON_URL":"https://upload.wikimedia.org/wikipedia/commons/3/32/Istanbul_public_transport_-_M_symbol.svg","RENK_HEX":"#9D9D9C","BOYUT_PT":2,"PR_DURUM":"7","PR_ACILIS":null,"PR_KURUM":null,"ACILIS":null,"TARIH_KAPANIS":null}},{"type":"Feature","id":557,"geometry":{"type":"Point","coordinates":[29.3757293048774,40.8275246601668,0]},"properties":{"OBJECTID":557,"TUR":"2","KOD":"M","AD":"Fatih Caddesi","IKON_URL":"https://upload.wikimedia.org/wikipedia/commons/3/32/Istanbul_public_transport_-_M_symbol.svg","RENK_HEX":"#9D9D9C","BOYUT_PT":2,"PR_DURUM":"7","PR_ACILIS":null,"PR_KURUM":null,"ACILIS":null,"TARIH_KAPANIS":null}},{"type":"Feature","id":558,"geometry":{"type":"Point","coordinates":[29.3748483657059,40.8195002619373,0]},"properties":{"OBJECTID":558,"TUR":"2","KOD":"M","AD":"Çayırova","IKON_URL":"https://upload.wikimedia.org/wikipedia/commons/3/32/Istanbul_public_transport_-_M_symbol.svg","RENK_HEX":"#9D9D9C","BOYUT_PT":2,"PR_DURUM":"7","PR_ACILIS":null,"PR_KURUM":null,"ACILIS":null,"TARIH_KAPANIS":null}},{"type":"Feature","id":559,"geometry":{"type":"Point","coordinates":[29.3831655543078,40.8054150476301,0]},"properties":{"OBJECTID":559,"TUR":"2","KOD":"M","AD":"Beylikbağı","IKON_URL":"https://upload.wikimedia.org/wikipedia/commons/3/32/Istanbul_public_transport_-_M_symbol.svg","RENK_HEX":"#9D9D9C","BOYUT_PT":2,"PR_DURUM":"7","PR_ACILIS":null,"PR_KURUM":null,"ACILIS":null,"TARIH_KAPANIS":null}},{"type":"Feature","id":560,"geometry":{"type":"Point","coordinates":[29.3966109158463,40.8087731698508,0]},"properties":{"OBJECTID":560,"TUR":"2","KOD":"M","AD":"Ulus","IKON_URL":"https://upload.wikimedia.org/wikipedia/commons/3/32/Istanbul_public_transport_-_M_symbol.svg","RENK_HEX":"#9D9D9C","BOYUT_PT":2,"PR_DURUM":"7","PR_ACILIS":null,"PR_KURUM":null,"ACILIS":null,"TARIH_KAPANIS":null}},{"type":"Feature","id":561,"geometry":{"type":"Point","coordinates":[29.4022244422427,40.8168637850765,0]},"properties":{"OBJECTID":561,"TUR":"2","KOD":"M","AD":"Yavuz Selim","IKON_URL":"https://upload.wikimedia.org/wikipedia/commons/3/32/Istanbul_public_transport_-_M_symbol.svg","RENK_HEX":"#9D9D9C","BOYUT_PT":2,"PR_DURUM":"7","PR_ACILIS":null,"PR_KURUM":null,"ACILIS":null,"TARIH_KAPANIS":null}},{"type":"Feature","id":562,"geometry":{"type":"Point","coordinates":[29.4189645808,40.8135499212798,0]},"properties":{"OBJECTID":562,"TUR":"2","KOD":"M","AD":"Adliye","IKON_URL":"https://upload.wikimedia.org/wikipedia/commons/8/82/Kocaeli_Metro_logo.svg","RENK_HEX":"#9D9D9C","BOYUT_PT":2,"PR_DURUM":"7","PR_ACILIS":null,"PR_KURUM":null,"ACILIS":null,"TARIH_KAPANIS":null}},{"type":"Feature","id":563,"geometry":{"type":"Point","coordinates":[29.4317195493134,40.8390363310873,0]},"properties":{"OBJECTID":563,"TUR":"2","KOD":"M1 (Kocaeli)","AD":"Gebze OSB","IKON_URL":"https://upload.wikimedia.org/wikipedia/commons/8/82/Kocaeli_Metro_logo.svg","RENK_HEX":"#E30512","BOYUT_PT":2,"PR_DURUM":"3","PR_ACILIS":null,"PR_KURUM":"UAB","ACILIS":null,"TARIH_KAPANIS":null}},{"type":"Feature","id":564,"geometry":{"type":"Point","coordinates":[29.3763902223814,40.757373696054,0]},"properties":{"OBJECTID":564,"TUR":"2","KOD":"M1 (Kocaeli)","AD":"Darıca Sahil","IKON_URL":"https://upload.wikimedia.org/wikipedia/commons/8/82/Kocaeli_Metro_logo.svg","RENK_HEX":"#E30512","BOYUT_PT":2,"PR_DURUM":"3","PR_ACILIS":null,"PR_KURUM":"UAB","ACILIS":null,"TARIH_KAPANIS":null}},{"type":"Feature","id":565,"geometry":{"type":"Point","coordinates":[29.3885014779252,40.7612688973281,0]},"properties":{"OBJECTID":565,"TUR":"2","KOD":"M1 (Kocaeli)","AD":"Darıca Cumhuriyet Meydanı","IKON_URL":"https://upload.wikimedia.org/wikipedia/commons/8/82/Kocaeli_Metro_logo.svg","RENK_HEX":"#E30512","BOYUT_PT":2,"PR_DURUM":"3","PR_ACILIS":null,"PR_KURUM":"UAB","ACILIS":null,"TARIH_KAPANIS":null}},{"type":"Feature","id":566,"geometry":{"type":"Point","coordinates":[29.4035799964132,40.7741810799094,0]},"properties":{"OBJECTID":566,"TUR":"2","KOD":"M1 (Kocaeli)","AD":"Farabi Devlet Hastanesi","IKON_URL":"https://upload.wikimedia.org/wikipedia/commons/8/82/Kocaeli_Metro_logo.svg","RENK_HEX":"#E30512","BOYUT_PT":2,"PR_DURUM":"3","PR_ACILIS":null,"PR_KURUM":"UAB","ACILIS":null,"TARIH_KAPANIS":null}},{"type":"Feature","id":567,"geometry":{"type":"Point","coordinates":[29.4101585999873,40.7826953737539,0]},"properties":{"OBJECTID":567,"TUR":"2","KOD":"M1 (Kocaeli)","AD":"Gebze Gar","IKON_URL":"https://upload.wikimedia.org/wikipedia/commons/8/82/Kocaeli_Metro_logo.svg","RENK_HEX":"#E30512","BOYUT_PT":2,"PR_DURUM":"3","PR_ACILIS":null,"PR_KURUM":"UAB","ACILIS":null,"TARIH_KAPANIS":null}},{"type":"Feature","id":568,"geometry":{"type":"Point","coordinates":[29.421591671509,40.790338617025,0]},"properties":{"OBJECTID":568,"TUR":"2","KOD":"M1 (Kocaeli)","AD":"Fatih Devlet Hastanesi","IKON_URL":"https://upload.wikimedia.org/wikipedia/commons/8/82/Kocaeli_Metro_logo.svg","RENK_HEX":"#E30512","BOYUT_PT":2,"PR_DURUM":"3","PR_ACILIS":null,"PR_KURUM":"UAB","ACILIS":null,"TARIH_KAPANIS":null}},{"type":"Feature","id":569,"geometry":{"type":"Point","coordinates":[29.4323238756494,40.7979006881173,0]},"properties":{"OBJECTID":569,"TUR":"2","KOD":"M1 (Kocaeli)","AD":"Gebze Kent Meydanı","IKON_URL":"https://upload.wikimedia.org/wikipedia/commons/8/82/Kocaeli_Metro_logo.svg","RENK_HEX":"#E30512","BOYUT_PT":2,"PR_DURUM":"3","PR_ACILIS":null,"PR_KURUM":"UAB","ACILIS":null,"TARIH_KAPANIS":null}},{"type":"Feature","id":570,"geometry":{"type":"Point","coordinates":[29.4389943696906,40.8040627383168,0]},"properties":{"OBJECTID":570,"TUR":"2","KOD":"M1 (Kocaeli)","AD":"Gebze Stadyumu","IKON_URL":"https://upload.wikimedia.org/wikipedia/commons/8/82/Kocaeli_Metro_logo.svg","RENK_HEX":"#E30512","BOYUT_PT":2,"PR_DURUM":"3","PR_ACILIS":null,"PR_KURUM":"UAB","ACILIS":null,"TARIH_KAPANIS":null}},{"type":"Feature","id":571,"geometry":{"type":"Point","coordinates":[29.4313855494025,40.8078997004272,0]},"properties":{"OBJECTID":571,"TUR":"2","KOD":"M1 (Kocaeli)","AD":"Akse Sapağı","IKON_URL":"https://upload.wikimedia.org/wikipedia/commons/8/82/Kocaeli_Metro_logo.svg","RENK_HEX":"#E30512","BOYUT_PT":2,"PR_DURUM":"3","PR_ACILIS":null,"PR_KURUM":"UAB","ACILIS":null,"TARIH_KAPANIS":null}},{"type":"Feature","id":572,"geometry":{"type":"Point","coordinates":[29.4173381198926,40.8272158863457,0]},"properties":{"OBJECTID":572,"TUR":"2","KOD":"M1 (Kocaeli)","AD":"Mutlukent","IKON_URL":"https://upload.wikimedia.org/wikipedia/commons/8/82/Kocaeli_Metro_logo.svg","RENK_HEX":"#E30512","BOYUT_PT":2,"PR_DURUM":"3","PR_ACILIS":null,"PR_KURUM":"UAB","ACILIS":null,"TARIH_KAPANIS":null}},{"type":"Feature","id":573,"geometry":{"type":"Point","coordinates":[29.0376811685463,40.9898285416114,0]},"properties":{"OBJECTID":573,"TUR":"2","KOD":"M","AD":"Söğütlüçeşme","IKON_URL":"https://upload.wikimedia.org/wikipedia/commons/3/32/Istanbul_public_transport_-_M_symbol.svg","RENK_HEX":"#9D9D9C","BOYUT_PT":2,"PR_DURUM":"8","PR_ACILIS":null,"PR_KURUM":null,"ACILIS":null,"TARIH_KAPANIS":null}},{"type":"Feature","id":574,"geometry":{"type":"Point","coordinates":[28.8896670051452,41.0025374632338,0]},"properties":{"OBJECTID":574,"TUR":"2","KOD":"M","AD":"Zeytinburnu","IKON_URL":"https://upload.wikimedia.org/wikipedia/commons/3/32/Istanbul_public_transport_-_M_symbol.svg","RENK_HEX":"#9D9D9C","BOYUT_PT":2,"PR_DURUM":"8","PR_ACILIS":null,"PR_KURUM":null,"ACILIS":null,"TARIH_KAPANIS":null}},{"type":"Feature","id":575,"geometry":{"type":"Point","coordinates":[28.9112663251103,41.0162166780891,0]},"properties":{"OBJECTID":575,"TUR":"2","KOD":"M","AD":"Cevizlibağ","IKON_URL":"https://upload.wikimedia.org/wikipedia/commons/3/32/Istanbul_public_transport_-_M_symbol.svg","RENK_HEX":"#9D9D9C","BOYUT_PT":2,"PR_DURUM":"8","PR_ACILIS":null,"PR_KURUM":null,"ACILIS":null,"TARIH_KAPANIS":null}},{"type":"Feature","id":576,"geometry":{"type":"Point","coordinates":[28.9288486656875,41.0257989029132,0]},"properties":{"OBJECTID":576,"TUR":"2","KOD":"M","AD":"Vatan","IKON_URL":"https://upload.wikimedia.org/wikipedia/commons/3/32/Istanbul_public_transport_-_M_symbol.svg","RENK_HEX":"#9D9D9C","BOYUT_PT":2,"PR_DURUM":"8","PR_ACILIS":null,"PR_KURUM":null,"ACILIS":null,"TARIH_KAPANIS":null}},{"type":"Feature","id":577,"geometry":{"type":"Point","coordinates":[28.9353230009082,41.0365505630793,0]},"properties":{"OBJECTID":577,"TUR":"2","KOD":"M","AD":"Edirnekapı","IKON_URL":"https://upload.wikimedia.org/wikipedia/commons/3/32/Istanbul_public_transport_-_M_symbol.svg","RENK_HEX":"#9D9D9C","BOYUT_PT":2,"PR_DURUM":"8","PR_ACILIS":null,"PR_KURUM":null,"ACILIS":null,"TARIH_KAPANIS":null}},{"type":"Feature","id":578,"geometry":{"type":"Point","coordinates":[28.9409145500212,41.0438499903662,0]},"properties":{"OBJECTID":578,"TUR":"2","KOD":"M","AD":"Haliç","IKON_URL":"https://upload.wikimedia.org/wikipedia/commons/3/32/Istanbul_public_transport_-_M_symbol.svg","RENK_HEX":"#9D9D9C","BOYUT_PT":2,"PR_DURUM":"8","PR_ACILIS":null,"PR_KURUM":null,"ACILIS":null,"TARIH_KAPANIS":null}},{"type":"Feature","id":579,"geometry":{"type":"Point","coordinates":[28.960449229748,41.055166132564,0]},"properties":{"OBJECTID":579,"TUR":"2","KOD":"M","AD":"Okmeydanı","IKON_URL":"https://upload.wikimedia.org/wikipedia/commons/3/32/Istanbul_public_transport_-_M_symbol.svg","RENK_HEX":"#9D9D9C","BOYUT_PT":2,"PR_DURUM":"8","PR_ACILIS":null,"PR_KURUM":null,"ACILIS":null,"TARIH_KAPANIS":null}},{"type":"Feature","id":580,"geometry":{"type":"Point","coordinates":[28.9674253117842,41.0613795316182,0]},"properties":{"OBJECTID":580,"TUR":"2","KOD":"M","AD":"Perpa","IKON_URL":"https://upload.wikimedia.org/wikipedia/commons/3/32/Istanbul_public_transport_-_M_symbol.svg","RENK_HEX":"#9D9D9C","BOYUT_PT":2,"PR_DURUM":"8","PR_ACILIS":null,"PR_KURUM":null,"ACILIS":null,"TARIH_KAPANIS":null}},{"type":"Feature","id":581,"geometry":{"type":"Point","coordinates":[28.9777010181484,41.0679563625628,0]},"properties":{"OBJECTID":581,"TUR":"2","KOD":"M","AD":"Çağlayan","IKON_URL":"https://upload.wikimedia.org/wikipedia/commons/3/32/Istanbul_public_transport_-_M_symbol.svg","RENK_HEX":"#9D9D9C","BOYUT_PT":2,"PR_DURUM":"8","PR_ACILIS":null,"PR_KURUM":null,"ACILIS":null,"TARIH_KAPANIS":null}},{"type":"Feature","id":582,"geometry":{"type":"Point","coordinates":[28.9926021903346,41.0664592629421,0]},"properties":{"OBJECTID":582,"TUR":"2","KOD":"M","AD":"Mecidiyeköy","IKON_URL":"https://upload.wikimedia.org/wikipedia/commons/3/32/Istanbul_public_transport_-_M_symbol.svg","RENK_HEX":"#9D9D9C","BOYUT_PT":2,"PR_DURUM":"8","PR_ACILIS":null,"PR_KURUM":null,"ACILIS":null,"TARIH_KAPANIS":null}},{"type":"Feature","id":583,"geometry":{"type":"Point","coordinates":[29.0536432304219,41.036061982883,0]},"properties":{"OBJECTID":583,"TUR":"2","KOD":"M","AD":"Burhaniye","IKON_URL":"https://upload.wikimedia.org/wikipedia/commons/3/32/Istanbul_public_transport_-_M_symbol.svg","RENK_HEX":"#9D9D9C","BOYUT_PT":2,"PR_DURUM":"8","PR_ACILIS":null,"PR_KURUM":null,"ACILIS":null,"TARIH_KAPANIS":null}},{"type":"Feature","id":584,"geometry":{"type":"Point","coordinates":[29.048588150705,41.021311425388,0]},"properties":{"OBJECTID":584,"TUR":"2","KOD":"M","AD":"Altunizade","IKON_URL":"https://upload.wikimedia.org/wikipedia/commons/3/32/Istanbul_public_transport_-_M_symbol.svg","RENK_HEX":"#9D9D9C","BOYUT_PT":2,"PR_DURUM":"8","PR_ACILIS":null,"PR_KURUM":null,"ACILIS":null,"TARIH_KAPANIS":null}},{"type":"Feature","id":585,"geometry":{"type":"Point","coordinates":[29.0564479027912,40.9981003564823,0]},"properties":{"OBJECTID":585,"TUR":"2","KOD":"M","AD":"Ünalan","IKON_URL":"https://upload.wikimedia.org/wikipedia/commons/3/32/Istanbul_public_transport_-_M_symbol.svg","RENK_HEX":"#9D9D9C","BOYUT_PT":2,"PR_DURUM":"8","PR_ACILIS":null,"PR_KURUM":null,"ACILIS":null,"TARIH_KAPANIS":null}},{"type":"Feature","id":586,"geometry":{"type":"Point","coordinates":[28.9617054751638,41.0550234788708,0]},"properties":{"OBJECTID":586,"TUR":"2","KOD":"M","AD":"Okmeydanı","IKON_URL":"https://upload.wikimedia.org/wikipedia/commons/3/32/Istanbul_public_transport_-_M_symbol.svg","RENK_HEX":"#9D9D9C","BOYUT_PT":2,"PR_DURUM":"8","PR_ACILIS":null,"PR_KURUM":null,"ACILIS":null,"TARIH_KAPANIS":null}},{"type":"Feature","id":587,"geometry":{"type":"Point","coordinates":[28.9845407278396,41.0375962817207,0]},"properties":{"OBJECTID":587,"TUR":"2","KOD":"M","AD":"Taksim","IKON_URL":"https://upload.wikimedia.org/wikipedia/commons/3/32/Istanbul_public_transport_-_M_symbol.svg","RENK_HEX":"#9D9D9C","BOYUT_PT":2,"PR_DURUM":"8","PR_ACILIS":null,"PR_KURUM":null,"ACILIS":null,"TARIH_KAPANIS":null}},{"type":"Feature","id":588,"geometry":{"type":"Point","coordinates":[28.9715255793721,41.0374535682507,0]},"properties":{"OBJECTID":588,"TUR":"2","KOD":"M","AD":"Kasımpaşa","IKON_URL":"https://upload.wikimedia.org/wikipedia/commons/3/32/Istanbul_public_transport_-_M_symbol.svg","RENK_HEX":"#9D9D9C","BOYUT_PT":2,"PR_DURUM":"8","PR_ACILIS":null,"PR_KURUM":null,"ACILIS":null,"TARIH_KAPANIS":null}},{"type":"Feature","id":589,"geometry":{"type":"Point","coordinates":[28.9665768440152,41.0435217703532,0]},"properties":{"OBJECTID":589,"TUR":"2","KOD":"M","AD":"Piyalepaşa","IKON_URL":"https://upload.wikimedia.org/wikipedia/commons/3/32/Istanbul_public_transport_-_M_symbol.svg","RENK_HEX":"#9D9D9C","BOYUT_PT":2,"PR_DURUM":"8","PR_ACILIS":null,"PR_KURUM":null,"ACILIS":null,"TARIH_KAPANIS":null}},{"type":"Feature","id":590,"geometry":{"type":"Point","coordinates":[29.0207104665916,41.1082916529128,0]},"properties":{"OBJECTID":590,"TUR":"2","KOD":"M","AD":"İTÜ-Ayazağa","IKON_URL":"https://upload.wikimedia.org/wikipedia/commons/3/32/Istanbul_public_transport_-_M_symbol.svg","RENK_HEX":"#9D9D9C","BOYUT_PT":2,"PR_DURUM":"6","PR_ACILIS":null,"PR_KURUM":null,"ACILIS":null,"TARIH_KAPANIS":null}},{"type":"Feature","id":597,"geometry":{"type":"Point","coordinates":[28.7217061209662,40.9840071829848,0]},"properties":{"OBJECTID":597,"TUR":"4","KOD":"F","AD":"Avcılar Merkez","IKON_URL":"https://upload.wikimedia.org/wikipedia/commons/5/52/Istanbul_public_transport_-_F_symbol.svg","RENK_HEX":"#9D9D9C","BOYUT_PT":2,"PR_DURUM":"8","PR_ACILIS":null,"PR_KURUM":null,"ACILIS":null,"TARIH_KAPANIS":null}},{"type":"Feature","id":598,"geometry":{"type":"Point","coordinates":[28.7194618670784,40.97124689812,0]},"properties":{"OBJECTID":598,"TUR":"4","KOD":"F","AD":"Avcılar Sahil","IKON_URL":"https://upload.wikimedia.org/wikipedia/commons/5/52/Istanbul_public_transport_-_F_symbol.svg","RENK_HEX":"#9D9D9C","BOYUT_PT":2,"PR_DURUM":"8","PR_ACILIS":null,"PR_KURUM":null,"ACILIS":null,"TARIH_KAPANIS":null}},{"type":"Feature","id":599,"geometry":{"type":"Point","coordinates":[29.273575875869,40.8669043684674,0]},"properties":{"OBJECTID":599,"TUR":"2","KOD":"M4","AD":"Tersane","IKON_URL":"https://upload.wikimedia.org/wikipedia/commons/f/f9/Istanbul_M4_Line_Symbol.svg","RENK_HEX":"#E81F76","BOYUT_PT":2,"PR_DURUM":"5","PR_ACILIS":null,"PR_KURUM":null,"ACILIS":null,"TARIH_KAPANIS":null}},{"type":"Feature","id":600,"geometry":{"type":"Point","coordinates":[29.2918994981338,40.8542369729541,0]},"properties":{"OBJECTID":600,"TUR":"2","KOD":"M4","AD":"Aydıntepe","IKON_URL":"https://upload.wikimedia.org/wikipedia/commons/f/f9/Istanbul_M4_Line_Symbol.svg","RENK_HEX":"#E81F76","BOYUT_PT":2,"PR_DURUM":"5","PR_ACILIS":null,"PR_KURUM":null,"ACILIS":null,"TARIH_KAPANIS":null}},{"type":"Feature","id":604,"geometry":{"type":"Point","coordinates":[29.0715816946186,40.9809852154535,0]},"properties":{"OBJECTID":604,"TUR":"3","KOD":"T","AD":"Göztepe","IKON_URL":"https://upload.wikimedia.org/wikipedia/commons/4/49/Istanbul_public_transport_-_T_symbol.svg","RENK_HEX":"#9D9D9C","BOYUT_PT":1,"PR_DURUM":"5","PR_ACILIS":null,"PR_KURUM":null,"ACILIS":null,"TARIH_KAPANIS":null}},{"type":"Feature","id":606,"geometry":{"type":"Point","coordinates":[29.0855385128625,41.0394535999783,0]},"properties":{"OBJECTID":606,"TUR":"2","KOD":"M14","AD":"Yavuztürk Mahallesi","IKON_URL":"https://upload.wikimedia.org/wikipedia/commons/1/19/Istanbul_M14_Line_Symbol.svg","RENK_HEX":"#B16400","BOYUT_PT":2,"PR_DURUM":"5","PR_ACILIS":null,"PR_KURUM":"UAB","ACILIS":null,"TARIH_KAPANIS":null}},{"type":"Feature","id":607,"geometry":{"type":"Point","coordinates":[29.0985241058588,41.0434975287086,0]},"properties":{"OBJECTID":607,"TUR":"2","KOD":"M14B","AD":"Kazım Karabekir","IKON_URL":"https://upload.wikimedia.org/wikipedia/commons/1/19/Istanbul_M14_Line_Symbol.svg","RENK_HEX":"#B16400","BOYUT_PT":2,"PR_DURUM":"5","PR_ACILIS":null,"PR_KURUM":"UAB","ACILIS":null,"TARIH_KAPANIS":null}},{"type":"Feature","id":608,"geometry":{"type":"Point","coordinates":[29.1068854394705,41.0501688013004,0]},"properties":{"OBJECTID":608,"TUR":"2","KOD":"M14B","AD":"Topağacı Mahallesi","IKON_URL":"https://upload.wikimedia.org/wikipedia/commons/1/19/Istanbul_M14_Line_Symbol.svg","RENK_HEX":"#B16400","BOYUT_PT":2,"PR_DURUM":"5","PR_ACILIS":null,"PR_KURUM":"UAB","ACILIS":null,"TARIH_KAPANIS":null}},{"type":"Feature","id":609,"geometry":{"type":"Point","coordinates":[29.1112802278091,41.0599570651418,0]},"properties":{"OBJECTID":609,"TUR":"2","KOD":"M14B","AD":"Ümraniye Spor Köyü","IKON_URL":"https://upload.wikimedia.org/wikipedia/commons/1/19/Istanbul_M14_Line_Symbol.svg","RENK_HEX":"#B16400","BOYUT_PT":2,"PR_DURUM":"5","PR_ACILIS":null,"PR_KURUM":"UAB","ACILIS":null,"TARIH_KAPANIS":null}},{"type":"Feature","id":610,"geometry":{"type":"Point","coordinates":[29.0772632324652,41.0434543510519,0]},"properties":{"OBJECTID":610,"TUR":"2","KOD":"M14A","AD":"Güzeltepe","IKON_URL":"https://upload.wikimedia.org/wikipedia/commons/1/19/Istanbul_M14_Line_Symbol.svg","RENK_HEX":"#B16400","BOYUT_PT":2,"PR_DURUM":"8","PR_ACILIS":null,"PR_KURUM":"UAB","ACILIS":null,"TARIH_KAPANIS":null}},{"type":"Feature","id":611,"geometry":{"type":"Point","coordinates":[29.073122436485,41.0574669769146,0]},"properties":{"OBJECTID":611,"TUR":"2","KOD":"M14A","AD":"Bahçelievler","IKON_URL":"https://upload.wikimedia.org/wikipedia/commons/1/19/Istanbul_M14_Line_Symbol.svg","RENK_HEX":"#B16400","BOYUT_PT":2,"PR_DURUM":"8","PR_ACILIS":null,"PR_KURUM":"UAB","ACILIS":null,"TARIH_KAPANIS":null}},{"type":"Feature","id":612,"geometry":{"type":"Point","coordinates":[29.0658302301137,41.062870283898,0]},"properties":{"OBJECTID":612,"TUR":"2","KOD":"M14A","AD":"Kandilli Rasathanesi","IKON_URL":"https://upload.wikimedia.org/wikipedia/commons/1/19/Istanbul_M14_Line_Symbol.svg","RENK_HEX":"#B16400","BOYUT_PT":2,"PR_DURUM":"8","PR_ACILIS":null,"PR_KURUM":"UAB","ACILIS":null,"TARIH_KAPANIS":null}},{"type":"Feature","id":613,"geometry":{"type":"Point","coordinates":[29.0812427763603,41.0631014372483,0]},"properties":{"OBJECTID":613,"TUR":"2","KOD":"M14A","AD":"Yenimahalle-Dereboyu","IKON_URL":"https://upload.wikimedia.org/wikipedia/commons/1/19/Istanbul_M14_Line_Symbol.svg","RENK_HEX":"#B16400","BOYUT_PT":2,"PR_DURUM":"8","PR_ACILIS":null,"PR_KURUM":"UAB","ACILIS":null,"TARIH_KAPANIS":null}},{"type":"Feature","id":614,"geometry":{"type":"Point","coordinates":[29.0690913032413,41.0812051037454,0]},"properties":{"OBJECTID":614,"TUR":"2","KOD":"M14A","AD":"Küçüksu","IKON_URL":"https://upload.wikimedia.org/wikipedia/commons/1/19/Istanbul_M14_Line_Symbol.svg","RENK_HEX":"#B16400","BOYUT_PT":2,"PR_DURUM":"8","PR_ACILIS":null,"PR_KURUM":"UAB","ACILIS":null,"TARIH_KAPANIS":null}},{"type":"Feature","id":615,"geometry":{"type":"Point","coordinates":[28.7667731291266,41.0184228310231,0]},"properties":{"OBJECTID":615,"TUR":"1","KOD":"B","AD":"Halkalı","IKON_URL":"https://upload.wikimedia.org/wikipedia/commons/6/67/Istanbul_B_Line_Symbol.svg","RENK_HEX":"#65656A","BOYUT_PT":2,"PR_DURUM":"0","PR_ACILIS":null,"PR_KURUM":null,"ACILIS":"1955-12-04","TARIH_KAPANIS":"2013-03-01"}},{"type":"Feature","id":616,"geometry":{"type":"Point","coordinates":[28.7729481043722,40.988491561075,0]},"properties":{"OBJECTID":616,"TUR":"1","KOD":"B","AD":"Küçükçekmece","IKON_URL":"https://upload.wikimedia.org/wikipedia/commons/6/67/Istanbul_B_Line_Symbol.svg","RENK_HEX":"#65656A","BOYUT_PT":2,"PR_DURUM":"0","PR_ACILIS":null,"PR_KURUM":null,"ACILIS":"1955-12-04","TARIH_KAPANIS":"2013-03-01"}},{"type":"Feature","id":617,"geometry":{"type":"Point","coordinates":[28.8249146302589,40.9625786481133,0]},"properties":{"OBJECTID":617,"TUR":"1","KOD":"B","AD":"Yeşilköy","IKON_URL":"https://upload.wikimedia.org/wikipedia/commons/6/67/Istanbul_B_Line_Symbol.svg","RENK_HEX":"#65656A","BOYUT_PT":2,"PR_DURUM":"0","PR_ACILIS":null,"PR_KURUM":null,"ACILIS":"1955-12-04","TARIH_KAPANIS":"2013-03-01"}},{"type":"Feature","id":618,"geometry":{"type":"Point","coordinates":[28.8373710427893,40.9654403832488,0]},"properties":{"OBJECTID":618,"TUR":"1","KOD":"B","AD":"Yeşilyurt","IKON_URL":"https://upload.wikimedia.org/wikipedia/commons/6/67/Istanbul_B_Line_Symbol.svg","RENK_HEX":"#65656A","BOYUT_PT":2,"PR_DURUM":"0","PR_ACILIS":null,"PR_KURUM":null,"ACILIS":"1955-12-04","TARIH_KAPANIS":"2013-03-01"}},{"type":"Feature","id":619,"geometry":{"type":"Point","coordinates":[28.8724071040595,40.98027157827,0]},"properties":{"OBJECTID":619,"TUR":"1","KOD":"B","AD":"Bakırköy","IKON_URL":"https://upload.wikimedia.org/wikipedia/commons/6/67/Istanbul_B_Line_Symbol.svg","RENK_HEX":"#65656A","BOYUT_PT":2,"PR_DURUM":"0","PR_ACILIS":null,"PR_KURUM":null,"ACILIS":"1955-12-04","TARIH_KAPANIS":"2013-03-01"}},{"type":"Feature","id":620,"geometry":{"type":"Point","coordinates":[28.8809641230794,40.9816908413255,0]},"properties":{"OBJECTID":620,"TUR":"1","KOD":"B","AD":"Yenimahalle","IKON_URL":"https://upload.wikimedia.org/wikipedia/commons/6/67/Istanbul_B_Line_Symbol.svg","RENK_HEX":"#65656A","BOYUT_PT":2,"PR_DURUM":"0","PR_ACILIS":null,"PR_KURUM":null,"ACILIS":"1955-12-04","TARIH_KAPANIS":"2013-03-01"}},{"type":"Feature","id":621,"geometry":{"type":"Point","coordinates":[28.905467553526,40.9858743180732,0]},"properties":{"OBJECTID":621,"TUR":"1","KOD":"B","AD":"Zeytinburnu","IKON_URL":"https://upload.wikimedia.org/wikipedia/commons/6/67/Istanbul_B_Line_Symbol.svg","RENK_HEX":"#65656A","BOYUT_PT":2,"PR_DURUM":"0","PR_ACILIS":null,"PR_KURUM":null,"ACILIS":"1955-12-04","TARIH_KAPANIS":"2013-03-01"}},{"type":"Feature","id":622,"geometry":{"type":"Point","coordinates":[28.916863178775,40.9925669880882,0]},"properties":{"OBJECTID":622,"TUR":"1","KOD":"B","AD":"Kazlıçeşme","IKON_URL":"https://upload.wikimedia.org/wikipedia/commons/6/67/Istanbul_B_Line_Symbol.svg","RENK_HEX":"#65656A","BOYUT_PT":2,"PR_DURUM":"0","PR_ACILIS":null,"PR_KURUM":null,"ACILIS":"1955-12-04","TARIH_KAPANIS":"2013-03-01"}},{"type":"Feature","id":623,"geometry":{"type":"Point","coordinates":[28.9269273085336,40.9935121768056,0]},"properties":{"OBJECTID":623,"TUR":"1","KOD":"B","AD":"Yedikule","IKON_URL":"https://upload.wikimedia.org/wikipedia/commons/6/67/Istanbul_B_Line_Symbol.svg","RENK_HEX":"#65656A","BOYUT_PT":2,"PR_DURUM":"0","PR_ACILIS":null,"PR_KURUM":null,"ACILIS":"1955-12-04","TARIH_KAPANIS":"2013-08-12"}},{"type":"Feature","id":624,"geometry":{"type":"Point","coordinates":[28.9332025914605,40.9999388443006,0]},"properties":{"OBJECTID":624,"TUR":"1","KOD":"B","AD":"Kocamustafapaşa","IKON_URL":"https://upload.wikimedia.org/wikipedia/commons/6/67/Istanbul_B_Line_Symbol.svg","RENK_HEX":"#65656A","BOYUT_PT":2,"PR_DURUM":"0","PR_ACILIS":null,"PR_KURUM":null,"ACILIS":"1955-12-04","TARIH_KAPANIS":"2013-08-12"}},{"type":"Feature","id":625,"geometry":{"type":"Point","coordinates":[28.9525139383295,41.0048283441842,0]},"properties":{"OBJECTID":625,"TUR":"1","KOD":"B","AD":"Yenikapı","IKON_URL":"https://upload.wikimedia.org/wikipedia/commons/6/67/Istanbul_B_Line_Symbol.svg","RENK_HEX":"#65656A","BOYUT_PT":2,"PR_DURUM":"0","PR_ACILIS":null,"PR_KURUM":null,"ACILIS":"1955-12-04","TARIH_KAPANIS":"2013-08-12"}},{"type":"Feature","id":626,"geometry":{"type":"Point","coordinates":[28.977133488603,41.0150741882996,0]},"properties":{"OBJECTID":626,"TUR":"1","KOD":"B","AD":"Sirkeci","IKON_URL":"https://upload.wikimedia.org/wikipedia/commons/6/67/Istanbul_B_Line_Symbol.svg","RENK_HEX":"#65656A","BOYUT_PT":2,"PR_DURUM":"0","PR_ACILIS":null,"PR_KURUM":null,"ACILIS":"1955-12-04","TARIH_KAPANIS":"2013-08-12"}},{"type":"Feature","id":627,"geometry":{"type":"Point","coordinates":[28.9825649300845,41.0053394526658,0]},"properties":{"OBJECTID":627,"TUR":"1","KOD":"B","AD":"Cankurtaran","IKON_URL":"https://upload.wikimedia.org/wikipedia/commons/6/67/Istanbul_B_Line_Symbol.svg","RENK_HEX":"#65656A","BOYUT_PT":2,"PR_DURUM":"0","PR_ACILIS":null,"PR_KURUM":null,"ACILIS":"1955-12-04","TARIH_KAPANIS":"2013-08-12"}},{"type":"Feature","id":628,"geometry":{"type":"Point","coordinates":[28.9631219935011,41.00338351942,0]},"properties":{"OBJECTID":628,"TUR":"1","KOD":"B","AD":"Kumkapı","IKON_URL":"https://upload.wikimedia.org/wikipedia/commons/6/67/Istanbul_B_Line_Symbol.svg","RENK_HEX":"#65656A","BOYUT_PT":2,"PR_DURUM":"0","PR_ACILIS":null,"PR_KURUM":null,"ACILIS":"1955-12-04","TARIH_KAPANIS":"2013-08-12"}},{"type":"Feature","id":629,"geometry":{"type":"Point","coordinates":[28.7876324645714,40.9728440839582,0]},"properties":{"OBJECTID":629,"TUR":"1","KOD":"B","AD":"Florya","IKON_URL":"https://upload.wikimedia.org/wikipedia/commons/6/67/Istanbul_B_Line_Symbol.svg","RENK_HEX":"#65656A","BOYUT_PT":2,"PR_DURUM":"0","PR_ACILIS":null,"PR_KURUM":null,"ACILIS":"1955-12-04","TARIH_KAPANIS":"2013-03-01"}},{"type":"Feature","id":630,"geometry":{"type":"Point","coordinates":[29.03792518691,40.9906597899722,0]},"properties":{"OBJECTID":630,"TUR":"1","KOD":"B","AD":"Söğütlüçeşme","IKON_URL":"https://upload.wikimedia.org/wikipedia/commons/6/67/Istanbul_B_Line_Symbol.svg","RENK_HEX":"#65656A","BOYUT_PT":2,"PR_DURUM":"0","PR_ACILIS":null,"PR_KURUM":null,"ACILIS":"1969-05-29","TARIH_KAPANIS":"2013-06-19"}},{"type":"Feature","id":631,"geometry":{"type":"Point","coordinates":[29.0489420851303,40.9787223518309,0]},"properties":{"OBJECTID":631,"TUR":"1","KOD":"B","AD":"Feneryolu","IKON_URL":"https://upload.wikimedia.org/wikipedia/commons/6/67/Istanbul_B_Line_Symbol.svg","RENK_HEX":"#65656A","BOYUT_PT":2,"PR_DURUM":"0","PR_ACILIS":null,"PR_KURUM":null,"ACILIS":"1969-05-29","TARIH_KAPANIS":"2013-06-19"}},{"type":"Feature","id":632,"geometry":{"type":"Point","coordinates":[29.0626444456885,40.9791674871832,0]},"properties":{"OBJECTID":632,"TUR":"1","KOD":"B","AD":"Göztepe","IKON_URL":"https://upload.wikimedia.org/wikipedia/commons/6/67/Istanbul_B_Line_Symbol.svg","RENK_HEX":"#65656A","BOYUT_PT":2,"PR_DURUM":"0","PR_ACILIS":null,"PR_KURUM":null,"ACILIS":"1969-05-29","TARIH_KAPANIS":"2013-06-19"}},{"type":"Feature","id":633,"geometry":{"type":"Point","coordinates":[29.0764271946848,40.9714774602763,0]},"properties":{"OBJECTID":633,"TUR":"1","KOD":"B","AD":"Erenköy","IKON_URL":"https://upload.wikimedia.org/wikipedia/commons/6/67/Istanbul_B_Line_Symbol.svg","RENK_HEX":"#65656A","BOYUT_PT":2,"PR_DURUM":"0","PR_ACILIS":null,"PR_KURUM":null,"ACILIS":"1969-05-29","TARIH_KAPANIS":"2013-06-19"}},{"type":"Feature","id":634,"geometry":{"type":"Point","coordinates":[29.0844467193308,40.9604747488222,0]},"properties":{"OBJECTID":634,"TUR":"1","KOD":"B","AD":"Suadiye","IKON_URL":"https://upload.wikimedia.org/wikipedia/commons/6/67/Istanbul_B_Line_Symbol.svg","RENK_HEX":"#65656A","BOYUT_PT":2,"PR_DURUM":"0","PR_ACILIS":null,"PR_KURUM":null,"ACILIS":"1969-05-29","TARIH_KAPANIS":"2013-06-19"}},{"type":"Feature","id":635,"geometry":{"type":"Point","coordinates":[29.0940915613288,40.9541973316786,0]},"properties":{"OBJECTID":635,"TUR":"1","KOD":"B","AD":"Bostancı","IKON_URL":"https://upload.wikimedia.org/wikipedia/commons/6/67/Istanbul_B_Line_Symbol.svg","RENK_HEX":"#65656A","BOYUT_PT":2,"PR_DURUM":"0","PR_ACILIS":null,"PR_KURUM":null,"ACILIS":"1969-05-29","TARIH_KAPANIS":"2013-06-19"}},{"type":"Feature","id":636,"geometry":{"type":"Point","coordinates":[29.1069164547039,40.9462715772631,0]},"properties":{"OBJECTID":636,"TUR":"1","KOD":"B","AD":"Küçükyalı","IKON_URL":"https://upload.wikimedia.org/wikipedia/commons/6/67/Istanbul_B_Line_Symbol.svg","RENK_HEX":"#65656A","BOYUT_PT":2,"PR_DURUM":"0","PR_ACILIS":null,"PR_KURUM":null,"ACILIS":"1969-05-29","TARIH_KAPANIS":"2013-06-19"}},{"type":"Feature","id":637,"geometry":{"type":"Point","coordinates":[29.1142183134729,40.9378596489782,0]},"properties":{"OBJECTID":637,"TUR":"1","KOD":"B","AD":"İdealtepe","IKON_URL":"https://upload.wikimedia.org/wikipedia/commons/6/67/Istanbul_B_Line_Symbol.svg","RENK_HEX":"#65656A","BOYUT_PT":2,"PR_DURUM":"0","PR_ACILIS":null,"PR_KURUM":null,"ACILIS":"1969-05-29","TARIH_KAPANIS":"2013-06-19"}},{"type":"Feature","id":638,"geometry":{"type":"Point","coordinates":[29.1241670213955,40.9268696137194,0]},"properties":{"OBJECTID":638,"TUR":"1","KOD":"B","AD":"Süreyya Plajı","IKON_URL":"https://upload.wikimedia.org/wikipedia/commons/6/67/Istanbul_B_Line_Symbol.svg","RENK_HEX":"#65656A","BOYUT_PT":2,"PR_DURUM":"0","PR_ACILIS":null,"PR_KURUM":null,"ACILIS":"1969-05-29","TARIH_KAPANIS":"2013-06-19"}},{"type":"Feature","id":639,"geometry":{"type":"Point","coordinates":[29.1335016122439,40.9206785739332,0]},"properties":{"OBJECTID":639,"TUR":"1","KOD":"B","AD":"Maltepe","IKON_URL":"https://upload.wikimedia.org/wikipedia/commons/6/67/Istanbul_B_Line_Symbol.svg","RENK_HEX":"#65656A","BOYUT_PT":2,"PR_DURUM":"0","PR_ACILIS":null,"PR_KURUM":null,"ACILIS":"1969-05-29","TARIH_KAPANIS":"2013-06-19"}},{"type":"Feature","id":640,"geometry":{"type":"Point","coordinates":[29.1555957889462,40.9106198444825,0]},"properties":{"OBJECTID":640,"TUR":"1","KOD":"B","AD":"Cevizli","IKON_URL":"https://upload.wikimedia.org/wikipedia/commons/6/67/Istanbul_B_Line_Symbol.svg","RENK_HEX":"#65656A","BOYUT_PT":2,"PR_DURUM":"0","PR_ACILIS":null,"PR_KURUM":null,"ACILIS":"1969-05-29","TARIH_KAPANIS":"2013-06-19"}},{"type":"Feature","id":641,"geometry":{"type":"Point","coordinates":[29.1693245177529,40.8986905513653,0]},"properties":{"OBJECTID":641,"TUR":"1","KOD":"B","AD":"Atalar","IKON_URL":"https://upload.wikimedia.org/wikipedia/commons/6/67/Istanbul_B_Line_Symbol.svg","RENK_HEX":"#65656A","BOYUT_PT":2,"PR_DURUM":"0","PR_ACILIS":null,"PR_KURUM":null,"ACILIS":"1977-01-01","TARIH_KAPANIS":"2013-06-19"}},{"type":"Feature","id":643,"geometry":{"type":"Point","coordinates":[29.1912152458063,40.8885999343881,0]},"properties":{"OBJECTID":643,"TUR":"1","KOD":"B","AD":"Kartal","IKON_URL":"https://upload.wikimedia.org/wikipedia/commons/6/67/Istanbul_B_Line_Symbol.svg","RENK_HEX":"#65656A","BOYUT_PT":2,"PR_DURUM":"0","PR_ACILIS":null,"PR_KURUM":null,"ACILIS":"1969-05-29","TARIH_KAPANIS":"2013-06-19"}},{"type":"Feature","id":644,"geometry":{"type":"Point","coordinates":[29.2104436000212,40.8845435021442,0]},"properties":{"OBJECTID":644,"TUR":"1","KOD":"B","AD":"Yunus","IKON_URL":"https://upload.wikimedia.org/wikipedia/commons/6/67/Istanbul_B_Line_Symbol.svg","RENK_HEX":"#65656A","BOYUT_PT":2,"PR_DURUM":"0","PR_ACILIS":null,"PR_KURUM":null,"ACILIS":"1969-05-29","TARIH_KAPANIS":"2013-06-19"}},{"type":"Feature","id":645,"geometry":{"type":"Point","coordinates":[29.2318287104187,40.8802443807951,0]},"properties":{"OBJECTID":645,"TUR":"1","KOD":"B","AD":"Pendik","IKON_URL":"https://upload.wikimedia.org/wikipedia/commons/6/67/Istanbul_B_Line_Symbol.svg","RENK_HEX":"#65656A","BOYUT_PT":2,"PR_DURUM":"0","PR_ACILIS":null,"PR_KURUM":null,"ACILIS":"1969-05-29","TARIH_KAPANIS":"2013-06-19"}},{"type":"Feature","id":646,"geometry":{"type":"Point","coordinates":[29.2835570641774,40.8568607993819,0]},"properties":{"OBJECTID":646,"TUR":"1","KOD":"B","AD":"Güzelyalı","IKON_URL":"https://upload.wikimedia.org/wikipedia/commons/6/67/Istanbul_B_Line_Symbol.svg","RENK_HEX":"#65656A","BOYUT_PT":2,"PR_DURUM":"0","PR_ACILIS":null,"PR_KURUM":null,"ACILIS":"1969-05-29","TARIH_KAPANIS":"2012-04-29"}},{"type":"Feature","id":647,"geometry":{"type":"Point","coordinates":[29.2560103957715,40.8713220179808,0]},"properties":{"OBJECTID":647,"TUR":"1","KOD":"B","AD":"Kaynarca","IKON_URL":"https://upload.wikimedia.org/wikipedia/commons/6/67/Istanbul_B_Line_Symbol.svg","RENK_HEX":"#65656A","BOYUT_PT":2,"PR_DURUM":"0","PR_ACILIS":null,"PR_KURUM":null,"ACILIS":"1969-05-29","TARIH_KAPANIS":"2012-04-29"}},{"type":"Feature","id":648,"geometry":{"type":"Point","coordinates":[29.2733488150029,40.861004008675,0]},"properties":{"OBJECTID":648,"TUR":"1","KOD":"B","AD":"Tersane","IKON_URL":"https://upload.wikimedia.org/wikipedia/commons/6/67/Istanbul_B_Line_Symbol.svg","RENK_HEX":"#65656A","BOYUT_PT":2,"PR_DURUM":"0","PR_ACILIS":null,"PR_KURUM":null,"ACILIS":"1969-05-29","TARIH_KAPANIS":"2012-04-29"}},{"type":"Feature","id":649,"geometry":{"type":"Point","coordinates":[29.293175384315,40.852276610678,0]},"properties":{"OBJECTID":649,"TUR":"1","KOD":"B","AD":"Aydıntepe","IKON_URL":"https://upload.wikimedia.org/wikipedia/commons/6/67/Istanbul_B_Line_Symbol.svg","RENK_HEX":"#65656A","BOYUT_PT":2,"PR_DURUM":"0","PR_ACILIS":null,"PR_KURUM":null,"ACILIS":"1969-05-29","TARIH_KAPANIS":"2012-04-29"}},{"type":"Feature","id":650,"geometry":{"type":"Point","coordinates":[29.3000757554407,40.8456417657669,0]},"properties":{"OBJECTID":650,"TUR":"1","KOD":"B","AD":"İçme","IKON_URL":"https://upload.wikimedia.org/wikipedia/commons/6/67/Istanbul_B_Line_Symbol.svg","RENK_HEX":"#65656A","BOYUT_PT":2,"PR_DURUM":"0","PR_ACILIS":null,"PR_KURUM":null,"ACILIS":"1969-05-29","TARIH_KAPANIS":"2012-04-29"}},{"type":"Feature","id":651,"geometry":{"type":"Point","coordinates":[29.3223496257426,40.829972704227,0]},"properties":{"OBJECTID":651,"TUR":"1","KOD":"B","AD":"Tuzla","IKON_URL":"https://upload.wikimedia.org/wikipedia/commons/6/67/Istanbul_B_Line_Symbol.svg","RENK_HEX":"#65656A","BOYUT_PT":2,"PR_DURUM":"0","PR_ACILIS":null,"PR_KURUM":null,"ACILIS":"1969-05-29","TARIH_KAPANIS":"2012-04-29"}},{"type":"Feature","id":652,"geometry":{"type":"Point","coordinates":[29.347425738471,40.8105235070834,0]},"properties":{"OBJECTID":652,"TUR":"1","KOD":"B","AD":"Çayırova","IKON_URL":"https://upload.wikimedia.org/wikipedia/commons/6/67/Istanbul_B_Line_Symbol.svg","RENK_HEX":"#65656A","BOYUT_PT":2,"PR_DURUM":"0","PR_ACILIS":null,"PR_KURUM":null,"ACILIS":"1969-05-29","TARIH_KAPANIS":"2012-04-29"}},{"type":"Feature","id":653,"geometry":{"type":"Point","coordinates":[29.3639659237241,40.8075972491421,0]},"properties":{"OBJECTID":653,"TUR":"1","KOD":"B","AD":"Fatih","IKON_URL":"https://upload.wikimedia.org/wikipedia/commons/6/67/Istanbul_B_Line_Symbol.svg","RENK_HEX":"#65656A","BOYUT_PT":2,"PR_DURUM":"0","PR_ACILIS":null,"PR_KURUM":null,"ACILIS":"1992-01-01","TARIH_KAPANIS":"2012-04-29"}},{"type":"Feature","id":654,"geometry":{"type":"Point","coordinates":[29.380049622879,40.7992660407897,0]},"properties":{"OBJECTID":654,"TUR":"1","KOD":"B","AD":"Osmangazi","IKON_URL":"https://upload.wikimedia.org/wikipedia/commons/6/67/Istanbul_B_Line_Symbol.svg","RENK_HEX":"#65656A","BOYUT_PT":2,"PR_DURUM":"0","PR_ACILIS":null,"PR_KURUM":null,"ACILIS":"1969-05-29","TARIH_KAPANIS":"2012-04-29"}},{"type":"Feature","id":656,"geometry":{"type":"Point","coordinates":[29.4095581543733,40.7843137526573,0]},"properties":{"OBJECTID":656,"TUR":"1","KOD":"B","AD":"Gebze","IKON_URL":"https://upload.wikimedia.org/wikipedia/commons/6/67/Istanbul_B_Line_Symbol.svg","RENK_HEX":"#65656A","BOYUT_PT":2,"PR_DURUM":"0","PR_ACILIS":null,"PR_KURUM":null,"ACILIS":"1969-05-29","TARIH_KAPANIS":"2012-04-29"}},{"type":"Feature","id":657,"geometry":{"type":"Point","coordinates":[29.0189151286991,40.9963635750984,0]},"properties":{"OBJECTID":657,"TUR":"1","KOD":"B","AD":"Haydarpaşa","IKON_URL":"https://upload.wikimedia.org/wikipedia/commons/6/67/Istanbul_B_Line_Symbol.svg","RENK_HEX":"#65656A","BOYUT_PT":2,"PR_DURUM":"0","PR_ACILIS":null,"PR_KURUM":null,"ACILIS":"1969-05-29","TARIH_KAPANIS":"2013-06-19"}},{"type":"Feature","id":658,"geometry":{"type":"Point","coordinates":[28.7742065434739,41.0096395299315,0]},"properties":{"OBJECTID":658,"TUR":"1","KOD":"B","AD":"Kanarya","IKON_URL":"https://upload.wikimedia.org/wikipedia/commons/6/67/Istanbul_B_Line_Symbol.svg","RENK_HEX":"#65656A","BOYUT_PT":2,"PR_DURUM":"0","PR_ACILIS":null,"PR_KURUM":null,"ACILIS":"1955-12-04","TARIH_KAPANIS":"2013-03-01"}},{"type":"Feature","id":660,"geometry":{"type":"Point","coordinates":[28.769182078342,41.0019616304714,0]},"properties":{"OBJECTID":660,"TUR":"1","KOD":"B","AD":"Soğuksu","IKON_URL":"https://upload.wikimedia.org/wikipedia/commons/6/67/Istanbul_B_Line_Symbol.svg","RENK_HEX":"#65656A","BOYUT_PT":2,"PR_DURUM":"0","PR_ACILIS":null,"PR_KURUM":null,"ACILIS":"1955-12-04","TARIH_KAPANIS":"2013-03-01"}},{"type":"Feature","id":661,"geometry":{"type":"Point","coordinates":[28.7764511351283,40.9767949937544,0]},"properties":{"OBJECTID":661,"TUR":"1","KOD":"B","AD":"Menekşe","IKON_URL":"https://upload.wikimedia.org/wikipedia/commons/6/67/Istanbul_B_Line_Symbol.svg","RENK_HEX":"#65656A","BOYUT_PT":2,"PR_DURUM":"0","PR_ACILIS":null,"PR_KURUM":null,"ACILIS":"1955-12-04","TARIH_KAPANIS":"2013-03-01"}},{"type":"Feature","id":662,"geometry":{"type":"Point","coordinates":[29.0423691436374,40.9843544078424,0]},"properties":{"OBJECTID":662,"TUR":"1","KOD":"B","AD":"Kızıltoprak","IKON_URL":"https://upload.wikimedia.org/wikipedia/commons/6/67/Istanbul_B_Line_Symbol.svg","RENK_HEX":"#65656A","BOYUT_PT":2,"PR_DURUM":"0","PR_ACILIS":null,"PR_KURUM":null,"ACILIS":"1969-05-29","TARIH_KAPANIS":"2013-06-19"}},{"type":"Feature","id":663,"geometry":{"type":"Point","coordinates":[29.3349860965886,40.8162567111723,0]},"properties":{"OBJECTID":663,"TUR":"1","KOD":"B","AD":"Coşkunoğulları","IKON_URL":"https://upload.wikimedia.org/wikipedia/commons/6/67/Istanbul_B_Line_Symbol.svg","RENK_HEX":"#65656A","BOYUT_PT":2,"PR_DURUM":"0","PR_ACILIS":null,"PR_KURUM":null,"ACILIS":"1969-05-29","TARIH_KAPANIS":"1997-01-01"}}]}